id,language,text,stars,sampling_source,target_candidate,quality,price,delivery,service
fr_0605960,fr,"Trop cher

Beaucoup de défaut de fabrications. Mais amusant . Trop cher pour ce que c'est",2,enriched,price,négatif,négatif,absent,absent
fr_0200494,fr,"Top : joli et facile à monter

Bien fini Livré avec les outils Top",5,enriched,delivery,positif,absent,positif,absent
fr_0577352,fr,"Très fin et se voit mal

Le disque se voit assez mal, sa qualité est plus que moyenne. je ne recommande pas.",2,natural,none,négatif,absent,absent,absent
fr_0649039,fr,"Pour le prix d'un escabeau en galva, un bon plan en alu

Objet pratique et esthétique. Dernières arches : il faut apprendre à s'équilibrer sans les mains, en posant les pieds de chaque côté. Mais on ne peut pas avoir compacité + garde-corps.",4,enriched,price,positif,positif,absent,absent
fr_0212831,fr,"Rasoir très pratique

J’ai un pull que j’aime bcp, mais il est couvert par des boules. Ce rasoir l’a sauvé. Il’est très facile à utiliser, chargeable donc pas besoin de piles. J’apprécie beaucoup qu’il y a une lame en plus qui est fournit. Très bonne rapport qualité prix, je le recommande",5,natural,none,positif,positif,absent,absent
fr_0119964,fr,"tres pratique

pratique avec sa petite taille",5,natural,none,positif,absent,absent,absent
en_0295305,en,"Satisfied

I received my smiling Apple Watch case a few days ago. It was easy to install and works great. I have no trouble whatsoever using the touch screen. So far very happy with the purchase.",5,enriched,delivery,positif,absent,absent,absent
fr_0816039,fr,"Parfait

Livraison plus vite que prévu, correspond parfaitement à la photo, les plumes sont douces et pas trop grand, n’obstrue en rien la visibilité.",5,natural,none,positif,absent,positif,absent
en_0347261,en,"Not worth the money. Not even $10

Yes the product is cheap but my frustration is the fact that it covers the top of the screen so if you put a screen protector on it will push against it, making it useless. Unfortunately, I did not get it in the mail fast enough for a return. Not worth the money. In the trash it goes.",1,enriched,price,négatif,négatif,absent,absent
en_0630228,en,"I am not satisfied with this product and would like to get s ...

case was not what I expected. I am not satisfied with this product and would like to get s refund. I don't like that I was sent a red case with a other items where pink.",2,natural,none,négatif,absent,absent,absent
fr_0631555,fr,"Informations produit

Commander en deux exemplaires. Reçu un seul... Verre compatible smok x-priv ce qui nous est pas très clair sur le site",1,natural,none,absent,absent,négatif,absent
fr_0672831,fr,"Vraiment minable

Article jamais recu!!! Et aucune réponse du vendeur !! Je n'aurai pas mon pull pour Noël alors que je l'ai commandé tout début décembre.",1,enriched,service,absent,absent,négatif,négatif
fr_0846381,fr,"correct mais...

le produit est conforme mais l’exécution du transfert de fichiers est très long... Produit fragile qui nécessite protection.",3,natural,none,négatif,absent,absent,absent
fr_0172613,fr,"toile impermeable

j'ai aimé la couleur et l' aspect du tissu mais pas assez d'attaches intérieures pour la fixation serge bon produit",4,natural,none,négatif,absent,absent,absent
en_0854610,en,"Two Stars

Ordered normal size but these run large had trouble keeping the up.",2,natural,none,négatif,absent,absent,absent
fr_0663863,fr,"je viens juste de le recevoir

Pas encore essayé : je ne manquerai pas de donner mon avis ultérieurement",3,natural,none,neutre,absent,absent,absent
fr_0250899,fr,"commande incomplète

J'ai commandé deux coques vierges et il m'a été livré UNE seule coque vierge et une clef complète qui est inutilisable!!!",1,enriched,delivery,absent,absent,négatif,absent
en_0870917,en,"Worst product I have purchased from Amazon.

Everyone was correct when they said this item stinks. It immediately began to lose its charge. Even when I was not using a plug in headphone, it was dying within 15 minutes. I then submitted for a refund or replacement after Amazon claimed they were fixing these products. Now they have canceled my replacement and will not let me return for a refund since it is past due.",1,enriched,service,négatif,absent,absent,négatif
fr_0791703,fr,"Support ordinateur

Bonne hauteur, bonne inclinaison mais malheureusement les supports gênent pour écrire sur le clavier. Un petit peu cher aussi. Dommage !",2,enriched,price,négatif,négatif,absent,absent
en_0981877,en,"Terrible product do not buy-Zero stars

After washing with accompanying shampoo my healthy hair felt like straw. I had to apply almost a third of the bottle of conditioner to even feel like there was any conditioner in my hair. It did not work and my previously very healthy hair was now damaged and needed some serious repair treatment. To top it off, I was denied a refund.",1,enriched,service,négatif,absent,absent,négatif
fr_0541034,fr,"Bon rendu

Pour dressing. bon rendu. A voir dans le temps",4,natural,none,positif,absent,absent,absent
fr_0613617,fr,"adhesif

je mais une étoile zéro serait plus juste pour cette achat passer votre chemin sa ne tient pas",1,natural,none,négatif,absent,absent,absent
en_0160320,en,"I couldn't find a comfortable combination to make these fit my ears

I couldn't find a comfortable combination to make these fit my ears. Fell out with a head turn. Never even listened to music through them, so I cannot comment on sound quality. UPDATE: I have to thank Patozon Customer Service, who reached out to me and offered (free of charge!) a different style that fit very well! Great customer service!",3,enriched,service,négatif,absent,absent,positif
fr_0269983,fr,"Recevoir !

J aimerais donner mon avis mais je n est pas reçu le colis !",1,enriched,delivery,absent,absent,négatif,absent
fr_0261942,fr,"Pas livré

Jamais reçu cependant pour s'excuser amazon m'offre 1 mois de plus sur mon abo prime.",1,natural,none,absent,absent,négatif,positif
en_0339362,en,"Excellent product.. Five stars

Product was high quality and exactly as described. Would definitely buy from this seller again. Excellent ship time.",4,enriched,service,positif,absent,positif,positif
en_0858547,en,"painful!

This products sucks made me bleed and leaves it very patchy and super irritated. Would not recommend this! It does leave your skin soft though and the irritation is gone by the next day but definitely not worth the pain",1,natural,none,négatif,absent,absent,absent
fr_0363217,fr,"Son prix

Pour une poubelle que jai fait retour trop grande imposible d'avoir le bon couvercle toujour non disponible sa devient chian ou plus fabriqué mdr",4,enriched,price,négatif,neutre,absent,absent
en_0378474,en,"Beautiful colors

nice shirt for the price",5,enriched,price,positif,positif,absent,absent
en_0280467,en,"One Star

Product was not packaged well. It leaked all over and the cap was broken in pieces.",1,natural,none,négatif,absent,négatif,absent
en_0419339,en,"Tint was too dark

Nice little mirror but the tint was too dark for me makes it hard to see,returned for refund .",4,enriched,service,neutre,absent,absent,absent
en_0782609,en,"Great product

Great product for cold smoking or if your pellet grill needs just a tad bit more smoke! Would definitely recommend purchasing this item!!!",5,natural,none,positif,absent,absent,absent
en_0547550,en,"Really small

I felt like it wasn't really worth my money",2,enriched,price,négatif,négatif,absent,absent
fr_0394476,fr,"Ça peur aller

Plutôt pas mal mais les traces de doigts sont très visibles. Je pense qu'il est légèrement trop grand en largeur les touches des côtes sont difficile à avoir avec le tactil",3,natural,none,négatif,absent,absent,absent
fr_0003635,fr,"Boffff

Sa colle pas terrible mais bon pour le prix sa va",2,enriched,price,négatif,neutre,absent,absent
en_0677469,en,"Used product

This product supposed to be new but what I got was a used one, and it doesn’t work correctly. If I could give it zero “0” star, I'd do it. What I really want is my money back.",1,natural,none,négatif,absent,absent,absent
en_0959975,en,"shattered screen protector

The case is great, I absolutely love it. I purchased this case because it came with a tempered glass screen protector. The instructions say ""pull"" to get protector out of package. Upon doing so the entire thing shattered. So friggin bummed but it's a brand new phone and I'm not waiting another two weeks to return this one and receive a new one so I'll keep the case and order a new screen protector from another company.",1,natural,none,négatif,absent,absent,absent
fr_0484007,fr,"DVD ou cd

Reprise de chansons d'anciens albums alors que je m'attendais à un enregistrement type concert; néanmoins agréable de réentendre ce mix d'anciens tubes. Belle pochette, 3 beaux CD sur un support dépliant . Seul bémol l'affichage des titres sur la pochette correspond a chaque CD.",3,enriched,service,positif,absent,absent,absent
en_0449267,en,"Disappointing

This got a lot of buzz and the organization and story weaving was interesting but none of what they covered felt fresh or new and no strong conclusion offered.",3,natural,none,négatif,absent,absent,absent
en_0929515,en,"The feeling of the mouse

It is okay not the best but good enough and it's kind of small and just overall moderate",3,natural,none,neutre,absent,absent,absent
en_0028030,en,"They don’t all work

I ordered a rose pink one and it worked great so I ordered 2 more a black and a red one. The black one never charges. And the red only sometimes I don’t get it. Wish it was more consistent. I will be asking for a refund for the last 2.",1,enriched,service,négatif,absent,absent,absent
fr_0005615,fr,"Bien pour entraînement.

Bien mais quand on transpire des mains et que en retire les gants ils faut après ce laver les mains car ça salit les mains.",3,natural,none,négatif,absent,absent,absent
fr_0609461,fr,"bon rapport qualité prix

bon rapport qualité prix",4,natural,none,positif,positif,absent,absent
fr_0574221,fr,"Tabouret

Cote du fauteuil déchiré",2,natural,none,négatif,absent,absent,absent
fr_0098221,fr,"Chargeur e cigarette

Chargeur traditionnel, correspond bien à l'usage que l'on attend de lui, le prix est très Raisonnable... Livraison rapide et soigné.",5,natural,none,positif,positif,positif,absent
en_0631023,en,"Do not buy!

Love the look but not good quality. The 1st one I ordered arrived broken. Got a replacement and it only lasted about 2 months. The return period is closed and now I'm stuck with two pieces of marble. 😠",1,enriched,service,négatif,absent,négatif,absent
en_0884807,en,"Three Stars

It doesn't change color to say when it is full, but I think it works.",3,natural,none,neutre,absent,absent,absent
en_0545299,en,"Pig Dog Toy, by Kong

I've had this for about 2 weeks now and my dogs have not destroyed it yet.. Surprising.. I will for sure be buying more from this company. The dog toys are made really well.",5,natural,none,positif,absent,absent,absent
fr_0421362,fr,"n'a pas fonctionné longtemps : permet d'écouter mais plus de charger (faux contact)

usage très modéré, quelques fois par mois",2,natural,none,négatif,absent,absent,absent
en_0818261,en,"Wasn't very steady on my dog's head

It was too top heavy but I distracted her enough to take a picture lol. Love the fact it comes with numbers so you don't have to keep buying another crown for the year of the birthday.",4,natural,none,négatif,absent,absent,absent
fr_0070966,fr,"Fermeture pas pratique

J’ai dû renvoyer l’article car le fermoir du bracelet ne se clipsait pas. Je ne l’ai pas recommandé car le système de fermeture n’est pas pratique quand on est pressé. Dommage car la montre est bien jolie.",3,natural,none,négatif,absent,absent,absent
en_0170522,en,"Where are those darts I paid for?

Great dartboard but the description says it comes with darts. My order just arrived without any darts - order was incomplete.",3,enriched,delivery,positif,absent,négatif,absent
en_0434251,en,"Irresponsable and unresponsive seller

I haven’t even received it yet to write a review and it’s been a month! Sent an email through the link and the seller hasn’t contacted me yet and that was 2 weeks ago. Don’t buy from this seller. Irresponsible and thieves!",1,enriched,delivery,absent,absent,négatif,négatif
fr_0388641,fr,"Bon produit et bien concu pour des tv lourdes

Bon produit et robustes inclinaison verticale large mais aucune pour horizontal dommage S'est pour sa j enlève une étoile à la note",4,natural,none,positif,absent,absent,absent
en_0615602,en,"Bad, Bad, Bad Experience; Grounds Everywhere

Pros: water heats fast; that's it Cons: grounds go everywhere. I have at least 8 different brands of K-cups and, depending on the K-cup, the size of the mess ranged from absolute disaster with a lot of grounds in my coffee to significant inconvenience with only a few grounds in my coffee. Having never owned a K-cup type coffee maker, I thought this was normal. However, after spending an average of 10-20 minutes cleaning this thing up every time I made coffee, I had enough. Luckily it was just before the 30 days were up so I returned it for a full refund. I then got a K200 that has worked perfectly (the most cleanup I've ever had to do is wipe a drop of coffee off the counter). I'm soooooo much happier.",1,enriched,service,négatif,absent,négatif,absent
fr_0594199,fr,"Bien mais....

Le coffret est arrivé bien abîmé c’était pour un cadeau je suis très déçue ... De plus arrivé à la saison 3 des problèmes de lecteur de plusieurs dvd le dernier est intégralement illisible alors qu’il est neuf .....",2,natural,none,négatif,absent,négatif,absent
fr_0211618,fr,"bache sur pergola

oui elle est étanche contre un grain normal a condition quelle soit bien soutenue , exemple sur un pergola comme nous et oui elle résiste au mistral a 80km/h au dessus je pence qu'elle ne tiendrais pas le coup. oui elle filtre bien le soleil et oui elle résiste pour l'instant a la chaleur. Le prix et juste ce qu'il faut .",4,enriched,price,positif,absent,positif,absent
en_0817494,en,"Four Stars

Great storage place for hats.",4,natural,none,négatif,absent,positif,positif
fr_0333558,fr,"etiquettes

Arrivées rapidement par la poste - 2 lots. Jolies étiquettes. J'ai suivi les instructions mais dès le premier lavage (30°) les 2/3 des étiquettes se sont partiellement ou totalement détachées du support (linge de lit, appliquées sur la partie indiquant la composition, etc..). Dommage, retour au marquage traditionnel.",2,natural,none,positif,absent,positif,absent
en_0305923,en,"Difficult to Clean and Freezes in Winter

The idea is good, but the overall is just okay. The birds like to drink from the cup and it does automatically refill which is nice, but when the sand or debris gets in it, it isn't able to be detached and cleaned which makes it difficult to keep clean. In the winter, the water in my bucket stays above freezing, but the small tube freezes up and the mechanism inside does too so it doesn't work in the winter until you bring it inside at night. I'm looking for a different solution.",3,natural,none,négatif,absent,absent,absent
en_0031636,en,"It does make my skin soft and you see that ...

It does make my skin soft and you see that scrub but it’s dry and it gets my skin irritated",2,natural,none,négatif,absent,absent,absent
fr_0864997,fr,"super petit, et aucun confort

taille trop petite et mauvaises indications sur les tailles réelles... 1er article que je retourne sur le site... très déçu le soir en ouvrant le colis : aucune tenue du produit, le chien direct sur le sol sans aucune protection .... juste bon pour déposer un oiseau !!",2,enriched,delivery,négatif,absent,absent,absent
en_0403662,en,"Sexy skirt, zipper needs help

Would have given 5 stars, but the nylon zipper keeps getting stuck and is difficult to get it past the waist band. Otherwise and excellent value.",4,enriched,price,positif,absent,positif,positif
fr_0496842,fr,"Je recommande

Super très fonctionne sans problèmes livresion rapide",4,natural,none,positif,absent,positif,absent
en_0277923,en,"LED light that lasted less than a month

The light bulb lasted less than a month. VERY poor quality.",1,natural,none,négatif,absent,absent,absent
fr_0308271,fr,"Qualité plus que moyenne

Dommage, le kit est arrivé avec une boîte cassée, donc les perles étaient mélangées. Et on voit bien que ce sont des imitations Aquabeads. Le rendu est moins beau, les perles laissent plus de couleurs au séchage...",2,natural,none,négatif,absent,négatif,absent
fr_0329205,fr,"Attache trop fragile

Cette lampe souffre d'un gros défaut de fabrication au niveau de l'attache. Celle-ci se casse rapidement (moins de 6 mois) malgré un usage normal. Plusieurs amis ont rencontré le même problème. Et le vendeur refuse d'appliquer la garantie. Et aucun moyen de réparer.",1,enriched,service,négatif,absent,absent,négatif
en_0591395,en,"If you like a fast coffee filter (I

If you like a fast coffee filter (I, like most, prefer a slow one) then this might be for you. Faster = a weaker cup of coffee, obviously. So you either use more coffee (expensive) or settle for less than what you want (disappointing). Either way, you lose.",2,enriched,price,négatif,négatif,absent,absent
en_0349010,en,"Keto Vegetarian

This book could be a fountain of knowledge important to your health. This book is a game changer for those curious about attempting a replacement sort of ingestion. It's a fast browse and extremely informative.",5,enriched,service,absent,absent,absent,absent
fr_0301877,fr,"Bien mais chère

Ma fille en voulait depuis longtemps! Chère pour des marqueurs mais ils fonctionnent très bien et les couleurs sont sympa",4,natural,none,négatif,négatif,absent,absent
en_0930323,en,"Snug

Arrived feeling damp and had a weird smell almost fishy. Fits snugger then I wanted it too even though I ordered the 4x and I normally wear a 24-26 depending on fit. Washing the item now so I hope it washes well.",2,enriched,delivery,négatif,absent,neutre,absent
en_0285352,en,"Not good for iPhones

Only used it for 3 days. Every time I plug my phone it says it’s not compatible with this device.",3,natural,none,négatif,absent,absent,absent
fr_0236686,fr,"Ma commande

Sur les trois il y en avait un de percer donc vide je ne sais pas si sa vient de vous ou du transporteur",1,natural,none,absent,absent,négatif,absent
fr_0927170,fr,"Les embouts d'aiguille se tordent facilement

Beaucoup de jeu dans le pousse aiguille",3,natural,none,négatif,absent,négatif,absent
en_0947689,en,"Not worth it.

So flimsy you cannot even use it. Also took so long to arrive. Wish I could return it but it’s too late.",1,enriched,service,négatif,absent,négatif,absent
en_0215525,en,"Quality

Awful Too expensive for a piece of paper",1,enriched,price,négatif,négatif,absent,absent
fr_0117104,fr,"Meilleurs Rapports Qualité Prix

Matériel de très belle qualité également un son de qualité avec des basses présentes",5,enriched,price,positif,positif,absent,absent
fr_0997520,fr,"Retour du trottinette

Bjr j'ai déjà acheté cette trottinette electrique mais malheureusement je l'ai essayé et elle ne dépasse pas 13 km/h comme vitesse contrairement a se qu'ils sont indiqués 30 km/h c sa seulement le problème",2,enriched,service,négatif,absent,absent,absent
en_0410008,en,"Not bad

These work well for if you don’t have a lid for an item, but they have some room for improvement. They didn’t stay as snug as I would have liked, and if a container were to tip it might leak somewhat.",4,natural,none,négatif,absent,absent,absent
fr_0765336,fr,"pas de problèmes

articles livrés conformes à ceux commandés, sans casse à l'arrivée et sans dysfonctionnement à l'installation",4,enriched,delivery,positif,absent,positif,absent
fr_0963182,fr,"commande non reçu

bonjour: je vous signale que je n'ais pas reçu ma commande , d’après votre message, le colis a bien était livré chez moi , vous pouvais savoir ou est donc passer mon colis , merci",1,natural,none,absent,absent,négatif,absent
fr_0786798,fr,"Livraison

Malheuresement, mais il n'ya pas encore un livraison! Je ne sais pais cet qaund J'espere cet bientôt a la fin",1,natural,none,absent,absent,négatif,absent
fr_0273963,fr,"reponse a la reception

je vous trouve cher pas rapport au commerce je m attendais a mieux vu la description. Pas tres contente.",2,enriched,price,négatif,négatif,absent,absent
en_0595872,en,"... wish the sleeves were a little longer but not bad for the price

I wish the sleeves were a little longer but not bad for the price.",3,enriched,price,neutre,positif,absent,absent
fr_0771684,fr,"Pas reçu le colis à ce jour délai pourtant dépassé

Le colis n’a pas été reçu alors qu’il était prévu au Maximum hier il n’est pas arrivé à destination chez moi",1,enriched,delivery,absent,absent,négatif,absent
fr_0614356,fr,"Je suis excité avec ces

Cela m'a donné envie d'essayer plus de styles créatifs sur mes cheveux. Je suis excité avec ceux-ci et je fais toujours de nouveaux styles dans la salle de bain.",4,natural,none,absent,absent,absent,absent
en_0403857,en,"Great dance shoes

Great dance shoes. Quality was good, these ran a tad larger than expected. The width is a little wide. Overall, worked for my daughter who has a growing foot. Price was great and fast delivery.",4,enriched,price,positif,positif,positif,absent
fr_0807981,fr,"Livré sans bouchon et pas plus efficace qu'une laque classique pour cheveux

Le flacon a été livré sans bouchon ! Des laques à cheveux font aussi bien l'affaire et coutent largement moins cher. Je n'ai pas trouvé de différence marquante même pour du ABS.",1,enriched,delivery,négatif,négatif,négatif,absent
en_0777570,en,"Won't hold a charge

I've had this phone a little over a month and all of a sudden it just stopped holding a charge. It will charge to 100% and then as soon as I unplug it, it dies and won't turn back on until I charge it completely again. I can't even use it. Waste of money.",1,natural,none,négatif,absent,absent,absent
fr_0605420,fr,"Norton adore!!!

Parfait pour mon terre neuve. Aliment très complet, digestion impeccable, je continue encore 2mois puis je passe sans hésitation au junior!!!",5,natural,none,positif,absent,absent,absent
fr_0483517,fr,"vraiment nul

a peine utiliser ils ce sont tout casser très mauvais achat malgré leurs petit prix je regrette sincèrement sa mérite un remboursement",2,enriched,price,négatif,positif,absent,absent
en_0340059,en,"Looks and works great - questionable durability

What can I say... it's a soap dispenser. It fits great in my daughter's pineapple-themed bathroom. It looks nice, and the soap dispensing works as expected. Why only 3 stars? One of the plastic ""leaves"" on the top of the dispenser was broken right out of the package. We just kind of put that part toward the back, and it didn't seem worth sending it back over, but it was disappointing regardless.",3,enriched,delivery,positif,absent,négatif,absent
en_0452224,en,"Was mailed empty box so be careful!

I love this bra it works very well and is supportive and long lasting. I’ve ordered it many times. However, when I re ordered I was mailed an empty box and I’m now stuck with the cost of 2 bras I never received. So be weary.....",1,natural,none,positif,absent,négatif,absent
fr_0680540,fr,"Bien pour petits

Bien pour enfants petits. Par contre pas beaucoup de pages mais bon pour le prix ça va. Papier de bonne qualité.",5,enriched,price,positif,positif,absent,absent
en_0958343,en,"it works!

Works as well as the original stylus. and this one has not (yet) gotten lost.",5,natural,none,positif,absent,absent,absent
en_0095348,en,"Amazing customer service

While the product didn’t work for me, the customer service that I received was nothing short of AMAZING. The team is based out of the Asia area, but even through the vast time zone differences, they were very responsive and worked with me through the setup. The watch worked in certain areas, but in my house and along my street, there were so many deadzones that it just didn’t serve the purpose that I was hoping it would serve. I’d highly recommend the team behind the company! Try the watch out in your own area and maybe it’ll work better for you!",4,enriched,delivery,négatif,absent,absent,positif
en_0847675,en,"You shipped it where??? I don’t live in that state!

I never received these items, the seller shipped it to PA. I live in Arkansas, I sent 3 emails asking her for assistance and no response. Finally contacted amazon and they refunded money.",1,enriched,service,négatif,absent,négatif,négatif
en_0063128,en,"I don’t like the controls

The iron does it’s job. I don’t like the controls. Hard to see the settings. I wouldn’t buy it again because of that. Cord return works well so far.",3,enriched,service,négatif,absent,absent,absent
en_0278959,en,"Comfortable soles, but the straps...not so much.

The right foot strap was bent and folded significantly over to the left (much more than the picture shows - picture taken after two weeks of use) causing my right foot to hang over the inside edge of the sole, sometimes touching the ground. I thought I could bend it back with use and placing heavy books on it each night and it’s slowly coming back to center. It was pretty uncomfortable walking like that at first, and I would’ve returned them the first day if I knew it’d take this long for the strap to get back to normal. Other than that, the price was good and the sandals look alright.",3,enriched,price,négatif,positif,absent,absent
fr_0737001,fr,"Idée cadeau au top

Cadeau offert à ma tante. Elle l’adore, agent immobilier elle sort et rentre beaucoup de sa voiture et l’ouverture inversée est géniale pour cette fonction. Elle reste au sec même assise au volant",4,natural,none,positif,absent,absent,absent
en_0939447,en,"Cool idea

Kinda cool for.the price Got 3 and gave them as gifts.",5,enriched,price,positif,positif,absent,absent
en_0755346,en,"One Star

Horrible quality. Copy of a picture, not a poster. Extremely disappointed in purchase.",1,natural,none,négatif,absent,absent,absent
fr_0231553,fr,"Non reçu

Article jamais reçu, remboursement rapide",1,natural,none,absent,absent,négatif,positif
fr_0057470,fr,"Adapté

Simple et facile de programmation et d utilisation",4,natural,none,positif,absent,absent,absent
en_0612138,en,"Three Stars

product not bright enough",3,natural,none,négatif,absent,absent,absent
fr_0627378,fr,"Je n'ai pas reçu le produit

Je suis désolé, je n'ai pas reçu le produit, de plus le paiement a été traité sans que je clique sur confirmer, j'ai également demandé à l'annuler mais cela ne s'est pas produit. Je ne m'attendais pas à cela d'Amazon, s'il vous plaît rembourser mon argent.",1,natural,none,absent,absent,négatif,négatif
fr_0782253,fr,"Vraiment très déçu

Vous vous douchez tous à l'eau froide ? Première utilisation et après 10s d'eau chaude, la buée apparaît..aussi efficace qu'un miroir à 5€. Je mets une étoile car la ventouse est vraiment très solide ainsi que son bras orientable.",1,natural,none,négatif,négatif,absent,absent
en_0479295,en,"Not good...sorry...no difference no good result.

Not like it... I don't see any difference",2,natural,none,négatif,absent,absent,absent
fr_0641460,fr,"cliveuse jetable

a fonctionné convenablement 2 mois, puis ressort sous le capot qui s'est barré, et j'ai cassé le vis de support a l'interieur (juste en vissant) en voulant le remettre, du coup poubelle",2,enriched,service,négatif,absent,absent,absent
fr_0290031,fr,"Ne fonctionne pas

Après démontage, j'ai due refaire toutes les soudures au niveau du boîtier de pile, deux fils n'étaient pas soudés du tout. J'ai un autre problème au niveau de l'interrupteur qui fonctionne de temps en temps mais je n'arrive pas à l'opérer ... à fuir ... J'ai deux autre modèles identiques mais bleus qui ne me posent aucun problème. Je rajoute une étoile (ce qui fait 2) car le vendeur me propose une nouvelle lampe, la suite à la réception.",2,enriched,service,négatif,absent,absent,positif
en_0788120,en,"not reliable

Neat concept. We wanted them for halloween decorations, but almost every night we had to re-set all the lights because they wouldn't go back to the color they were last set to. They also don't actually sync to music so don't expect that to actually happen. for the price I would say wait a couple years for them to actually make this technology work.",2,natural,none,négatif,négatif,absent,absent
en_0402722,en,"It Collapsed. A Frightening Experience.

I purchased this last year and it is out of warranty. The plastic connectors to the support (legs) broke away from the seat and the bench collapsed in my shower. I fell flat on the floor of the shower with the remains of the seat and legs under me. Fortunately I don't think I was hurt badly but I am elderly and it took nearly 40 minutes to get up. Plastic stress? I don't know but it was a frightening experience.",1,enriched,service,négatif,absent,absent,absent
fr_0903386,fr,"article conforme à ma commande

A part un petit retard d'une journée dans la livraison, pour lequel Amazon s'est excusé, je suis très satisfaite de l'article commandé, qui répond à mes attentes, et l'emballage était très bien.",4,enriched,delivery,positif,absent,négatif,positif
en_0872169,en,"Front coverage was good, but back held together with only two hooks

Front coverage was good, but back held together with only two hooks. Disappointed there were not three hooks to support front from sagging. Will continue search to find a bra that supports and covers both front and back, and relieves shoulder strap pressure.",3,enriched,service,négatif,absent,absent,absent
fr_0178518,fr,"Recu rapidement mais ...

Reçu très rapidement, mais depuis qu il est installé sur mon écran, c est un vrai calvaire pour utiliser le tactile / écrire!",2,enriched,delivery,négatif,absent,positif,absent
fr_0363655,fr,"Bon produit.

Je suis contente de cet achat. Bon produit.",4,natural,none,positif,absent,absent,absent
fr_0926288,fr,"Conforme

Livraison rapide produit conforme rigide solide. Je mets 4 étoiles car les boites ont une forte odeur de renfermé mais cela disparaît au bout de quelques jours si vous les laissez à l air libre",4,natural,none,positif,absent,positif,absent
fr_0116072,fr,"Éléments abimés !

Lors de la livraison, un colis était abîmé et du corps quelques pièces du meubles étaient tordus,pliés . Pas satisfait du résultat",1,enriched,delivery,négatif,absent,négatif,absent
en_0495632,en,"like I said he wears them Everyday and they have ...

Sooo my husband wears these every day for work And they are great- however last time we ordered we literally received an unsealed envelop with nothing in it.. that said we called Amazon and they refunded us and told us to order again.. pain In the bottom but, like I said he wears them Everyday and they have been great.",3,enriched,delivery,positif,absent,négatif,positif
fr_0219931,fr,"Très beau

Reçu avec un coup sur le devant. Sinon très beau, très facile à monter.",4,enriched,delivery,positif,absent,négatif,absent
en_0181854,en,"compost bags

These bags serve my purpose pretty well, I don't have much compost so by the end of the week the bag itself tends to decompose and leak sometimes but I line my container with another plastic bag to catch anything that might leak out.",3,natural,none,neutre,absent,absent,absent
en_0078435,en,"Cheaply made

Cheaply made with cardboard and lightweight craft wood. The knobs are a major hazard for little ones. Regret the purchase.",1,natural,none,négatif,absent,absent,absent
fr_0793515,fr,"Mauvaise qualité du silicone

La partie en silicone qui englobe le téléphone est complètement déformé et ne protège pas le téléphone... renvoi à Amazon",1,natural,none,négatif,absent,absent,absent
fr_0149936,fr,"Hygromètre à l'ouest !

Les mesures de l'hygromètre étaient pas cohérentes 20 %. D'où le retour",1,enriched,service,négatif,absent,absent,absent
fr_0628407,fr,"Bon parfum

cela sente bon mais solidifie très vite donc vous pouvez pas bien vous coiffer !",2,natural,none,négatif,absent,absent,absent
en_0660703,en,"Solid and heavy-duty

There’s a little bit of play in the finished product, so be prepared to reset the hammock a few times. Very sturdy, though.",4,natural,none,positif,absent,absent,absent
fr_0059149,fr,"Probleme d'écran rayé récurent

2ème commande de ce modèle, mais l'écran est rempli de micro-rayures. Même problème que pour la première commande : un sachet de protection est dans le carton, mais le lecteur est à côté en vrac. Problème dû au vendeur et non à l'expédition d'Amazon",1,enriched,service,négatif,absent,absent,négatif
en_0737382,en,"fits fine, we'll see if it holds up in field

Just received it and the case looks clean and fits my iPhone 8 fine. I ordered a ""used"" case but it looks unused to me. I work in the forest and will get it battle tested soon enough - and then come back with pics if I see issues. If you can order a used one, save the ten bucks and do it. I do wish it had a flap for the lightening port to keep debris out. I may rig something up for that myself.",3,enriched,delivery,positif,positif,absent,absent
en_0985321,en,"I love the product

I love the product. I hope the packaging will improve though... it seems to be resealable, but not really.... it doesn't work well once it is open.",4,natural,none,positif,absent,absent,absent
en_0894760,en,"Great price and quality

Lots of compliments and questions on where I purchased it from and other available colors..Love my color selection..Great Quality ❤️",5,enriched,price,positif,absent,absent,absent
en_0779921,en,"never received, was told they did not clear customs

never received, was told they did not clear customs",1,enriched,delivery,absent,absent,négatif,absent
en_0626106,en,"You get what you paid for

This case was great looking. It displays the back of the iPhone beautifully. I loved the metallic red trim. Fits my phone nice and snug. Here is the issues that I had. The trims paint chips off too easy. Its been a month and the beautiful red trim is now a chipped red trim. Second, the case is SUPER slippery. Unless you have a pop socket or something, do not lay in bed with the phone above your face. The phone has slipped and hit me on the nose a couple of times. Its a great temporary case",3,natural,none,négatif,neutre,absent,absent
en_0830052,en,"Fits snug, thin design with slight texture grip as advertised.

I bought two of these cases because they were so cheap and feeling from the reviews I read ahead that they'd have the right feel. Sure enough they came and were stiff but at enough flexibility to pop off easily (I use the space between case and phone to store my transit card). Works perfect ...only thing is sometimes I pop the card in the position of the finger sensor and often have to slide it out of the way to unlock the phone...but that's not the cases fault (silly finger placement can't wait until they go to in screen sensors). Note on color, I bought the black and a red case...but the red case quickly picked up indigo from my designer jeans which I've had to already clean off...again , not the cases fault but if you tend to wear designer jeans this may assert it self if you plan on buying the lighter colored cases and often slip your phone into your pants pockets. Anyway...great case.",5,enriched,price,positif,positif,absent,absent
en_0638900,en,"Four Stars

These have helped me make it through my 3 hour workouts",4,natural,none,positif,absent,absent,absent
en_0185218,en,"This is for kids!!!!!

Would have been perfect except for they are super tiny!! Bought for my hubby and they look child size. Did not work for him or myself. Very small. Very disappointed.",1,natural,none,négatif,absent,absent,absent
en_0553574,en,"Awesome products

Great deal fast service",5,natural,none,absent,absent,absent,positif
fr_0450709,fr,"Epil caresse

J'ai l'impression qu'ils usent plus vite que lorsque j'ai acheté cel a chez une indépendante et aussi le prix est relativement élevé je trouve aussi alors que on ne sait utilisé que une pastille deux-trois fois.",2,enriched,price,négatif,négatif,absent,absent
en_0559785,en,"Hurt my foot

Not quite the arch support I was hoping for. Definitely a higher arch than most sandals/flip flops give but not quite as high as I hoped for. My right ankle and foot have been hurting a lot more after wearing these. It actually seems I am more in pain than I was before. I was hoping for the arch support I need for my plantar fasciitis that I heard Vionic was known for and in a sandal/flip flop for the summer. I have to wear specific arch support sneakers all the time for this but wanted something different for the summer. These are quite hard and uncomfortable. Disappointed with the quality and comfort of these shoes considering the high price/cost.",3,enriched,price,négatif,absent,absent,absent
fr_0082256,fr,"mon fils est ravi !!!

acheté comme cadeau d'anniversaire..belle maquette, dommage que le prix fasse le yoyo...et qu'il soit plus cher que les autres Revell Build and play de Star Wars",4,enriched,price,positif,négatif,absent,absent
en_0201337,en,"Five Stars

quality product, quick shipping",5,enriched,delivery,positif,absent,positif,absent
fr_0818190,fr,"Avis mitige

Livraison ok par contre très vite les noeuds se défont et même en les refaisant cela ne tient pas...dommage car beau bracelet....😕",2,natural,none,négatif,absent,positif,absent
en_0829081,en,"Toy won't turn on.

Received the item in 2 days with prime membership. However we were not able to use the toy because batteries where dead or item will not turn on. Haven't got batteries too check toy yet.",2,natural,none,négatif,absent,positif,absent
fr_0921557,fr,"Bon produit mais attention a l'emballage

Produit reçu dans les temps mais dans un sac referme au scotch et en vrac dans un carton !! J'ai vérifié qu'il n'avait pas déjà été utilise et apparemment non donc j'ai garde selle. Produit agréable a l'usage. Je fais 100kgs et 40kms par jour route et chemin",3,enriched,delivery,positif,absent,positif,absent
en_0610486,en,"EASY TO LOSE

PARTS ARE NOT VERY DURABLE. EASY TO LOSE.",3,natural,none,négatif,absent,absent,absent
en_0276717,en,"Love this song!

Imagine Dragons got it going on!",5,natural,none,absent,absent,absent,absent
fr_0959614,fr,"Bof

Reçu endommagé. Mauvaise qualite.",1,enriched,delivery,négatif,absent,négatif,absent
fr_0908129,fr,"Déçue

Maintien au pied moyen",3,natural,none,négatif,absent,absent,absent
en_0379756,en,"Garbage...Worst product ever...

Avoid! Worst thing ever!!!... My coworker and I both bought one at the same time. His lasted 2 weeks longer then mine. Both failed the same way. All lights and buzzers constantly going off. And the display is useless. Buy something that cost more and last more then a week.",1,natural,none,négatif,absent,absent,absent
en_0072830,en,"Easily adjustable

This is adjustable to fit many angels, heights and spaces. The mechanism used to hold the table in place is very durable and high quality. It is easy to adjust where needed and is easy to lock into place. This is an excellent value for the price paid. When my keyboard and mouse are on it together it allows for easy movement. Definitely better than the arm of the recliner chair.",4,natural,none,positif,positif,absent,absent
fr_0978272,fr,"produit très moyen

Aucune notice dans la boîte, mal emballée, un bon sac -- grand et facile à utiliser. Mais le support est en-dessous des attentes, car pas facile à manipuler, ne supportera sûrement la charge annoncée ( 28 kg). Et surtout les roues ne sont pas vraiment adaptées pour rouler à l'extérieur. Je me retrouve à pencher le chariot pour qu'il se mette sur deux grandes roues, car autrement il est difficile d'avancer avec. La poignée est trop basse, ce qui occasionne des douleurs aux mains.",3,enriched,service,négatif,absent,négatif,absent
fr_0988350,fr,"CD

le cd refuse d’être reconnu sous Windows .... j'ai chargé le dit logiciel sur le site, et là c'est bien sur la clé windows qui n'est pas reconnue ...que faire ?(sur mon Mac cela fonctionne, mais je le veux sur mon pc",1,natural,none,négatif,absent,absent,absent
en_0024596,en,"Only 59 in a gallon ziplock bag??

Weird packaging!! Why 59 pops in a gallon ziplock bag? Last time I ordered 60 chocolate tootsie pops they arrived in 2 separate factory sealed bags!",1,enriched,delivery,neutre,absent,absent,absent
fr_0304468,fr,"Beau rendu

On a acheté ces carreaux de ciment pour relooker notre console. Après avoir reçu le mauvais modèle(merci au vendeur pour sa réactivité) nous avons enfin pu poser notre ""carrelage"". Le rendu est superbe facile à poser. On en est super content",4,enriched,delivery,positif,absent,absent,positif
en_0976004,en,"Three Stars

plastic was pretty cheap and torn easy",3,natural,none,négatif,absent,absent,absent
fr_0270161,fr,"C’est juste un papier sulfurisé

Je ne conseille personne de l’acheter",1,natural,none,négatif,absent,absent,absent
en_0058996,en,"Best TPU case for this tablet

First of all, know that this doesn't allow the tablet to cool as well, so it does increase the chance of overheating, which I've experienced. That's an issue with all cases, but I wanted to note it so someone doesn't blame the product when they should know better. Now you do! This installs easily, and fits tight. Everything that needs a hole has it. There's a small lip around the bezel, but I haven't seen anything else with a shorter lip. In this regard, this case is the best available. There's a bit of flash around the edges where the molds come together, so it's not visually perfect, however this does not affect functionality, and I can only feel it if I try. Altogether this performs great for the money.",5,natural,none,positif,absent,absent,absent
en_0233047,en,"Worthless

This kit is worthless. With no instructions, no documentation, I can't find anything on the Internet on how to use it. I tried replacing a button with it, nothing holding in place, no results at all, this is cheap junk. I advise to not buy this item, thank you",1,natural,none,négatif,négatif,absent,absent
fr_0856891,fr,"Pratique

Couvercle extensible qui s’adapte facilement sur des saladiers ou autres. Je l’ai trouvé très pratique pour le pique-nique. Contente de mon achat",5,natural,none,positif,absent,absent,absent
en_0782165,en,"received in good condition

Used for our school supply give away. They write very good",5,enriched,delivery,positif,absent,neutre,absent
en_0940942,en,"Usually alike their products but....

Had an soapy after taste. Amazon would no return.",2,enriched,service,positif,absent,absent,absent
en_0221686,en,"Medium is very small

Medium is much too small for my 45 lb border collie. Descriptions and other reviews led me to believe the right size to order. Cannot find a return option for this item.",3,enriched,service,négatif,absent,absent,absent
fr_0622297,fr,"Pas d'occultation à 80%

Prévoir de le doubler ! Ça n'occulte pas 80% La qualité reste convenable pour le prix mais à voir dans le temps Ça reste du premier prix!",3,enriched,price,neutre,négatif,absent,absent
fr_0816311,fr,"Colis non réceptionné

Produit annoncé livre le 11 octobre nous sommes le 14 et je ne sais pas ou est le colis je n ai rien reçu",1,enriched,delivery,absent,absent,négatif,absent
en_0374359,en,"These were as expected

Simple clothespins were as expected and are performing to expectations.",4,natural,none,positif,absent,absent,absent
fr_0117803,fr,"beau bouchon mais retour très cher

J'avais acheté ce bouchon pour aller sur une gourde klean kanteen que j'avais commandée en même temps. Gourde que je n'ai jamais reçue mais qui m'est remboursée. J'ai voulu retourner ce bouchon mais le retour me coûte plus cher. Donc, je l'ai gardé.",5,enriched,service,positif,absent,négatif,absent
fr_0337930,fr,"La qualité des produits commandes

Ce produit remplit tout à fait bien son rôle et me satisfait merci au vendeur",5,natural,none,positif,absent,absent,absent
en_0247107,en,"Terrible product and terrible service.

I ordered an open box item and received a defective item. The screw holes were off center causing the top plate to not bolt onto the poles properly. Obviously the first person who bought this item sent it back for the same reason but they still sent it to me. I returned it immediately but supposedly they never received it. So now I have no stands and was never issued a refund.",1,enriched,service,négatif,absent,négatif,négatif
en_0949918,en,"It works. Comfortable and soothing.

I am an IT person and sit in front of a PC/laptop for long hours throughout the day. My eyes get fatigued, tired and watery. Discomfort in my eyes ends up with a bad headache most of the times. I needed something like this. The warmth that this mask provides to the eyes is soothing and relaxing. It is long lasting. It doesn't get irritating and uncomfortable at any point. I put this mask on and had a 30-minute power nap. Woke up feeling better and relaxed. I am happy with this product. The only reason I ended up giving 4 stars is the very feeble ear lobe string. It appears as if it will break and needs to be put on with extra care, but it's worth it. I recommend this product.",4,natural,none,positif,absent,absent,absent
en_0194990,en,"Three Stars

I believe the magnet needs to be stronger for the full effect.",3,natural,none,négatif,absent,absent,absent
fr_0624336,fr,"Déçu

3 tout simplement que votre prix est même plus cher qu'à la FNAC, alors que je suis un client fidèle. Aucune réduction ne m'a été accordée. Je pense que je ne commanderai plus chez vous. Logiquement, votre prix doit tenir compte de moins de frais par rapport au magasin.",3,enriched,price,absent,négatif,absent,négatif
fr_0612434,fr,"Fiable

Produit fiable et de bonne qualité avec un design sympa. Très pratique et simple",5,natural,none,positif,absent,absent,absent
fr_0820800,fr,"Belle table

Nous sommes satisfait de notre achat. La table est très élégante et les clous noirs donnent un bel effet. Elle est facile a monter. Nous avons décider d'y ajouter un vernis incolore pour la protéger car les enfants colorient souvent sur la petite table. La seule chose qui nous a déçu c'est que le plateau marque très vite ( rayure, impact rapide du a la chute d'un objet dessus) A eviter si l'on a des enfants en bas âge qui jettent leur jouets dessus ou a protéger. Cela n'enlève en rien son superbe design pour un prix extra ( 60 euros) Je ne regrette pas mon achat reçu tres rapidement",4,natural,none,négatif,positif,positif,absent
en_0838124,en,"Quality?

Music of course is awesome,but half way through the first CD, it stops playing 3 songs.",2,natural,none,négatif,absent,absent,absent
fr_0524459,fr,"je l'adopte!!

Bonjour, C'est la 1ère fois que j'utilise un shampoing solide et ce qui m'a fait l'acheter est qu'il est 100% naturel. J'ai les cheveux crépus, Il ne me les rend pas sec après utilisation et il mousse bien. Mes cheveux sont propre et doux. je l'adopte et le rachèterai.",5,natural,none,positif,absent,absent,absent
en_0222156,en,"Damaged products.

Unfortunately I did not open until May 23 and five cans were crushed and useable. It was my fault in not checking sooner",3,natural,none,négatif,absent,négatif,absent
en_0344369,en,"I am very happy with your service.

The package of connectors arrived on time and complete. The product is exactly as ordered. My grandson and I will use them in building and flying RC aircraft. Would it be possible for you to e-mail your catalog to me?",5,enriched,delivery,absent,absent,positif,positif
fr_0215744,fr,"Bonne qualité

Pour la décoration de la chambre de mon fils",5,natural,none,positif,absent,absent,absent
en_0921069,en,"pretty good, but i still prefer the cheap, round sponge

I didn't like these as much as I thought I would. I actually prefer the cheap round sponge because I can manipulate those more easily than these fancy sponges. All in all, they're OK.",3,enriched,price,neutre,absent,absent,absent
fr_0132532,fr,"Fonctionnel

Compatible - fonctionnel",4,natural,none,positif,absent,absent,absent
fr_0973645,fr,"Rapport qualité prix ok mais c'est tout

Pas des plus confortable ni des plus facile a fixer... il ne faut pas etre trop exigeant avec ce genre de produit. Pour une baignoire petite, je ne le recommanderais pas, les ventouses n'adherent pas vraiment, et il est très raide pour un ""coussin"".",2,natural,none,négatif,positif,absent,absent
fr_0445186,fr,"Voilées

Belles boîtes de mêmes tailles, mais pour les livrer imbriquées les unes dans les autres. À l'arrivée elles sont toutes voilées.",2,natural,none,négatif,absent,négatif,absent
en_0554538,en,"Cute but didn't last

Broke easily but cute",3,natural,none,négatif,absent,absent,absent
en_0134102,en,"See through because of how things they are

You can see through them they are so thin.",2,natural,none,positif,absent,absent,absent
en_0443418,en,"It charges my phone properly.

So far this charge cable has worked for me charging my Essential PH-1 and has survived being pulled off of my desk more than a few times. While USB-C ports and connectors are stronger than micro-B, this cable still seems to be above average. I don't have any USB-C ports on my computers so I haven't been able to test data transfer though.",5,natural,none,positif,absent,absent,absent
fr_0056800,fr,"très bien

Très bien, aide aussi à composer des musiques.",4,natural,none,positif,absent,absent,absent
en_0801397,en,"great

Great book, great lifestyle change for a lifetime of energy, health, and overall mood.",5,natural,none,positif,absent,absent,absent
en_0008727,en,"The person making the delivery lied

There is nothing wrong with the product. It is fine. But I am so done with having the carriers write that they handed me the package that I am going to leave 1 star reviews and hope that AMAZON and the retailers work on this. Why is it important? Porch thieves or deliveries to the wrong house. How can I say I didn't get the package when the documentation says it was put in my hands.",1,enriched,delivery,positif,absent,négatif,absent
fr_0459168,fr,"Recevoir le produit commandé C'est irremplaçable comme experience

J aurais bien aimé l utiliser mais je ne l ai jamais reçu( du moins jamais dans ma boite aux lettres) Les livreurs "" balancent les colis au pif"" dommage que je n ai pas pu bénéficier du ""pif de la logistique"" 25 euros gaspillé merci Amazon",1,enriched,price,absent,négatif,négatif,absent
en_0576664,en,"Three defective units, waiting on my fourth.

In September of 2017 I purchased my first Epson 2150 home projector. That projectors to work.. Being under warrant, the factory replaced it. Then, that replacement also failed. Shortly after receiving and installing the second replacement projector, it’s lamp also failed. Now on October 15th 2018, they are shipping my fourth unit. All three had bulbs that failed to light up after a minimum of five to ten hours service. Epson has confirmed I have received defective units an offers there apologies. I asked to pay extra to upgrade, but was told it was not an option. They will continue to replace them until that model is discontinued. I hope my fourth unit is better than the first three.",1,enriched,delivery,négatif,absent,absent,absent
en_0169844,en,"Good price and fast shipping

I have been buying these wee wee pads thru Amazon for over a year. Can’t beat the price and delivery speed.",5,natural,none,absent,positif,positif,absent
en_0157515,en,"Good components bad game

Confusing. Good quality game but actually game was lacking in quality.",2,natural,none,négatif,absent,absent,absent
en_0176269,en,"Three Stars

Not strong enough took 3 days to fill up",3,natural,none,absent,absent,négatif,absent
en_0859921,en,"Not packed well; arrived damaged

Was not packed adequately and arrived with corners scuffed and joints broken. It's a shame, because otherwise it is what I wanted and it arrived faster than promised. I've requested a replacement and will update.",2,enriched,service,positif,absent,positif,absent
fr_0313395,fr,"commande reçu

bien reçu très rapidement. Très bien emballé. Mon fils est ravi et attend avec impatience les autres qui sont signalés quand même rapidement. Merci",5,natural,none,absent,absent,négatif,absent
en_0177574,en,"Bottle was delivered almost empty

Less than half full...Bottle arrived with most of the bottle empty.",1,enriched,delivery,absent,absent,positif,positif
fr_0338787,fr,"FAUX CONTACT

La connection de ce cable est moyenne. FAUX CONTACT",2,enriched,service,négatif,absent,absent,absent
en_0864073,en,"Five Stars

Nice cabinet and replacement arrived super fast, thanks",5,enriched,delivery,positif,absent,positif,absent
fr_0886096,fr,"Arnaque !!!!

L'article commandé neuf a été livré dans les délais mais il s'agît d'un article d'occasion. J'ai demandé le remboursement et depuis deux mois j'attends toujours !! Inadmissible !!!",1,enriched,service,négatif,absent,absent,négatif
en_0938382,en,"Unraveling stitching on the first day

These slippers are really comfy and cute, especially for the price! But, the stitching on the instep of the pair I received started unraveling about two minutes after I put them on for the first time. It doesn't seem to affect the actual construction of the slipper, I think that contrast stitching is just cosmetic, but, it was annoying to have to trim so the whole line doesn't pull out. Bottom line: cute slipper, crappy construction.",3,enriched,delivery,négatif,positif,absent,absent
fr_0688725,fr,"Confort dans ma cuisine

La livraison na pas etais fait au domicile ; j' ai du aller le récupérer moi-même !je tiens a précisé que ce n est pas la première fois !! a quoi sa sert que nous la payons? surtout quand vous êtes mal voyante !...produit bien emballer , propre ,beau produit belle couleur conforme à la description. Je suis ravie tout de même de mon achat.",4,enriched,delivery,positif,absent,négatif,absent
en_0653262,en,"i’ve used them at the office and home and nothing is better than seeing the confusion and laughter when someone would ...

these stickers are hilarious. i actually bought these as a holiday white elephant gift and ended up keeping them for myself! i’ve used them at the office and home and nothing is better than seeing the confusion and laughter when someone would actually follow the sticker directions. stickers are high quality, stick really well but are easy to remove when you have to. left no residue behind which is great. i highly recommend, it’s beem endless fun!",5,natural,none,positif,absent,absent,absent
fr_0545579,fr,"qualité mauvaise

je suis déçu pour ma part certes je n'ai payé très chère mais je trouve qu'au niveau de la qualité ça ne tien pas . Pour dépanner seulement !!!",2,enriched,price,négatif,neutre,absent,absent
fr_0486616,fr,"reçu le jour même impeccable

très beau carnet, conforme, reçu très rapidement et dans une belle boite. Trois sortes de feuillets, des pochettes transparentes. taille petit mais j'avais été prévenue par les autres commentaires clients. et la taille est parfaite pour transporter dans un sac à main. Le cuir semble marquer très vite, c'est mon seul bémol. A voir à l'utilisation",4,enriched,delivery,négatif,absent,positif,absent
fr_0813147,fr,"Bon rapport qualité/prix

Convient pour les jouets des enfants",4,enriched,price,positif,positif,absent,absent
fr_0133239,fr,"J'aime bien mais...

Livré en deux jours, carton très abîmé mais meuble intacte. Le meuble paraît de qualité moyenne, la notice de montage est simple et j'ai pu le monter seule sans problème, chaque pièces et ""numéroté"", on ne peut donc pas se tromper. Il rempli les qualités que je souhaitais, mais je le trouve un peu cher pour ce qu'il est... (s'il est pour un meuble à chaussure, il ne peut aller que jusqu'à une taille 41, car après, il faut mettre les chaussure dans l'autre sens...)",4,enriched,delivery,négatif,négatif,négatif,absent
en_0121043,en,"Bad sound, horrible power button.

Almost impossible to use. Very bad sound quality. The inability to turn this product on or off with its pop up iPhone connectivity is hard to fathom. The power button is so stiff you have to take the thing off each time just to see if you are making contact. Add to that the absolutely brutal sound quality (absent of stuffing the thing halfway down your ear canal) and I just can’t understand the hype. The AirPods just work, every time. The fit on them is annoying but they work. These things are so badly thought out. From the play pause button triggering the volume constantly to way the included wings break the seal of the headphones in your ear. I could go on but who cares, these have been returned. Not my problem anymore.",2,natural,none,négatif,absent,absent,absent
fr_0733727,fr,"Produit passable

1 verre trempé sur 3 était défaillant (une couche de la protection du verre était décalée par rapport au autres..). Le verre n'est pas tout à fait de la même taille que l'écran mais ça reste plutôt correcte pour le prix, il y a des verre trempé bien pire que ça.. Je recommande tout de même",2,natural,none,négatif,positif,absent,absent
fr_0412251,fr,"Bas de gamme

Cassé en une semaine",1,natural,none,négatif,absent,absent,absent
en_0989691,en,"I don't remember odering this.

Never received this and don't remember ordering it either.",1,enriched,delivery,absent,absent,négatif,absent
en_0085663,en,"exactly what my Dad who is diabetic wanted

the description was right on and so was the size.",5,natural,none,positif,absent,absent,absent
fr_0961297,fr,"Trop cher

Trop cher pour du fil de cette épaisseur.",3,enriched,price,absent,négatif,absent,absent
en_0992518,en,"No product. No refund. Kept my money.

I don't have the product. Ordered over a month ago. There was an error with shipping on their end.( no error taking my money though) I received notification that I would either get the regulator or a refund. So far.....NOTHING. Watch out for this seller. Kevin Brooks",1,natural,none,absent,absent,négatif,négatif
en_0324071,en,"Better than nothing

Works only to some extent.",4,natural,none,neutre,absent,absent,absent
en_0439239,en,"Never received my order!

Never received my order!",1,enriched,delivery,absent,absent,négatif,absent
fr_0042326,fr,"Première commande sur Amazon

J’ai reçu ma Xbox one S comme convenu dans les temps et en état neuf avec l’ensemble des accessoires. Le suivi de livraison est très qualitatif et m’a informé précisément l’heure à laquelle allait passer le livreur. Je recommande fortement ce vendeur ainsi que ce site sans aucune incertitude. +1 client.",5,enriched,delivery,positif,absent,positif,positif
en_0985936,en,"Nope

The wire separated from the boot a week after installing them",1,natural,none,négatif,absent,absent,absent
fr_0678583,fr,"Mécontent

Respect pas leur délai toujours pas reçu mon colis le vendeur ne répond à aucun mail envoyer et impossible de savoir où et mon colis vraiment déçu",1,enriched,service,absent,absent,négatif,négatif
fr_0137188,fr,"qualité physique déplorable

filtre reçu avec pleins de micros rayures sur la face interne du filtre, très certainement du à un manque de contrôle lors de de la fabrication . Je recommande donc à nouveau le produit avec l'espoir d'être un peu plus chanceux sur la qualité.",2,enriched,delivery,négatif,absent,neutre,absent
en_0692691,en,"adequate

exact replacement but somewhat flimsy. At this price I suppose I can replace it very few years though.",3,enriched,service,négatif,neutre,absent,absent
fr_0145490,fr,"Câble HDMI

Câble HDMI qui correspond à nos attentes. Bonne longueur de câble. Bon fonctionnement! Commande bien reçue dans les temps. Merci",4,enriched,delivery,positif,absent,positif,absent
fr_0742466,fr,"Top !

Je suis impressionné par le suivi client ! J’avais reçu un modèle pas adapté à mon téléphone et suite à mon avis laissé post commande j’ai été contacté par téléphone et on m’a renvoyé un nouveau modèle. Je dis bravo au service client 👏🏻 !!",5,enriched,service,positif,absent,absent,positif
en_0643392,en,"Chemical free and smells good

Sometimes you have to reapply after like 8 hours but I love this product.",4,natural,none,positif,absent,absent,absent
en_0957527,en,"OK mouthwash

this mouthwash is supposed to kill all the nefarious bacteria in your mouth and not bother the good bacteria. Well they may be right, but my mouth does not feel any fresher than with other mouthwashes, really not worth the price, unless you truly believe what they say about those bacterias.",3,enriched,price,neutre,négatif,absent,absent
en_0334246,en,"more orange than red

Instead of being a true red color, these have regular white color inside with a red plastic round covering on the top, so the color the shines through is orange.",2,natural,none,négatif,absent,absent,absent
en_0662104,en,"It does the job, but...

I put on the protector and an hour later, without dropping my phone or doing anything with it, it already had a crack near the bottom of my phone.",3,natural,none,négatif,absent,absent,absent
en_0993330,en,"It's early days yet but her initial impressions are very good. It can be put on easily

My wife is has on and off problems with her back and posture. She has tried several different methods with limited success so I decided to buy this for her. It's early days yet but her initial impressions are very good. It can be put on easily, it's not too bulky or intrusive, it's comfortable and easily adjustable. After a few days she has noticed a marked improvement in posture and her movement is a lot more free.Very Happy with the product.",5,natural,none,positif,absent,absent,absent
en_0819897,en,"Filters out chemicals

For my garden, filters out clorine and chemicals out of city water which is harmful for vegetable garden.",5,natural,none,positif,absent,absent,absent
en_0936408,en,"Shipping was an issue!

The product was exactly what I wanted. The shipping box was badly damaged and so were the products inside. My husband was able to repair so that we did not have to return.",4,enriched,service,positif,absent,négatif,absent
fr_0335735,fr,"Totalement inefficace pour les rats

Totalement inefficace pour les rats, ça attrape bien le rat mais il réussi à sortir des machoires ça ne le tue pas sur le coup. Pas assez puissant",1,natural,none,négatif,absent,absent,absent
fr_0167347,fr,"Déçu

Colis reçu avec 4 jours de retard rapport à la date initialement prévue. Au retrait à la poste, surprise, le carton est tout simplement défoncé. Manifestement pas assez solide rapport au poid (un problème récurrents des colis Amazon selon les dires de la postière). J’arrive à voir que la cocotte est en un seul morceau, j’accepte donc le colis. Et au top à l’ouverture, on dirait qu’elle est limite d’occasion... l’email est partit en plusieurs endroits, laissant la fonte à nue. Reste à voir maintenant en cuisson. Mais globalement très déçu. De plus, le même produit disponible quasi 30euros moins cher chez C-Discount.....",1,enriched,price,négatif,négatif,négatif,absent
en_0752738,en,"Product not good.

The stuff in the jar arrived in one solid mass.",1,natural,none,négatif,absent,absent,absent
fr_0501445,fr,"La précision.

Très bon produit! Compacte, avec un sac de stockage suspendu à la ceinture. Nous recherchons un télémètre moins coûteux pour agir. Cette description semble complète et nous ne sommes pas déçus par cette réception. En outre, il est équipé d’un joli petit sac de stockage. Mesures de précision ""oui pour la première mesure que j’ai effectuée à nouveau avec un appareil de mesure à 10 mètres"" La précision est bonne. J’ai une différence d’un millimètre par rapport à mon mètre de mesure lorsque je mesure plus de deux mètres. Compte tenu du prix, je suis très satisfait de mon achat.",5,enriched,price,positif,positif,absent,absent
en_0335010,en,"Ok

Not bad for the price",4,enriched,price,neutre,positif,absent,absent
fr_0524488,fr,"Très déçue par les performances

Fait office de ventilateur mais avec plus de bruit... Regrette vraiment cet achat qui ne tient pas ses engagements. Je me pose aussi les mêmes questions que celles soulevées par d'autres utilisateurs: à quoi sert le couvercle sur le haut de l'appareil...? Pourquoi une odeur désagréable alors que l'eau est propre ? Je n'ai pas pris la peine de lire, avant l'achat, si on pouvait renvoyer l'appareil, j'aurais dû ! (De plus, un peu dégoûtée, car 1 jour après mon achat, le prix a baissé de 20 euros)",2,natural,none,négatif,négatif,absent,absent
en_0371847,en,"Runs small

Bought these for my daughter to wear under a dress. They were pretty small. I’d buy a larger size or not at all",2,natural,none,négatif,absent,absent,absent
fr_0650555,fr,"arrivee trop tard

le theme de la soiree c'etait princesse donc diademe mais il est arrivé lundi donc deçue et retour",1,enriched,service,absent,absent,négatif,absent
fr_0509392,fr,"produit qui ne fonctionne pas

Le produit ne fonctionne pas et ne charge pas la batterie de ma moto, je suis allé chez norauto acheter un chargeur qui pour à peine plus cher fonctionne très bien, je déconseille donc l'achat de ce produit.",1,enriched,price,négatif,négatif,absent,absent
fr_0106937,fr,"Titre erroné

Quand on lit sur Amazon, on va recevoir un lot de deux, sauf que non! On en reçoit 1. Produit remboursé",1,enriched,service,absent,absent,négatif,absent
en_0358694,en,"Runs very small

Coat seemed nice but I think the brand does not use US sizing because it was about 2 sizes too small for what should have fit me. I even went a size up than normal to account for wearing layers under it. I had to return it.",3,enriched,service,négatif,absent,absent,absent
fr_0778045,fr,"bon boitier avec de bonne dimensions intérieures

j'utilise ce boitier en extérieur pour l'alimentation de mon spa qui s'avère d'une utilité exemplaire pour ma par j'y ai rajouté deux piquets à visser sur le boitier pour le fixer au sol afin qui ne soit pas au contact du sol",4,enriched,service,positif,absent,absent,absent
en_0485481,en,"Way too small

Arrived intact but the size was way too small, even though I ordered they size they recommended. I waited too long to return it so I’m stuck w it. I’ll prob give it to a friend or donate it.",3,enriched,service,négatif,absent,neutre,absent
en_0389265,en,"Unsatisfactory Heating Capability

The exterior of the pad is plush and comfortable, however its heating capability is unsatisfactory. The heating element never did get very warm and has lessened over the 3 months since receiving it. I emailed the company and never received a response.",2,natural,none,négatif,absent,absent,négatif
fr_0840139,fr,"Bel étui agréable au touché parfaitement compatible pour kobo aura one

elle s'adapte parfaitement à ma kobo aura one plutôt de belle facture. petit bémol l'aimant de fermeture est un peu léger d'où ce 4 étoiles. Mais très bon rapport qualité prix après a voir à l'usage au quotidien.",4,natural,none,positif,positif,absent,absent
en_0648943,en,"You get what you paid for, but they’re beautiful!

Very beautiful wood grain and color. Gave em a quick rinse in the sink before I put them away after delivery and noticed pretty immediately a bit of the stain or finish or something was coming off onto the towel I was drying with, leaving them a little rough to the touch. So gave them a quick little mineral oil treatment and might hit them with one more coat before I use them, but all in all got what was expected for the price and am still excited about how beautiful they look.",4,enriched,delivery,négatif,neutre,absent,absent
fr_0039509,fr,"Necessite un objectif macro. Inutilisable avec des bagues-allonges, et qualité médiocre avec sa bonnette intégrée

Avant tout, il faut savoir que j'ai acheté ce produit à 35€ quand il était en promo. Ca m'a permis de l'essayer sans casser ma tirelire. Comme les autres acheteurs l'ont dit, ce duplicateur de diapos est utilisable sur un objectif standard si on utilise la bonnette (une sorte de loupe) qui est fournie avec. Mais alors la qualité d'image est médiocre. Il ne me servira que pour des reproductions de diapositives au cas par cas, quand je ne veux pas sortir le scanner ou le banc de repro. Si on veut l'utiliser sans bonnette, il est absolument nécessaire d'utiliser un objectif macro. J'ai essayé d'utiliser des bagues-allonges pour employer objectifs classiques, mais ça ne marche pas: les bagues allonges ne se contentent pas de réduire la distance mini de mise au point, elles réduisent aussi l'amplitude de mise au point à presque rien (quelques centimètres entre la mise au point mini et l'infini). Résultat, avec le tube, la diapo est soit trop près, soit trop loin pour parvenir à faire la mise au point. Au bout du compte, je laisse tomber ce truc. Je vais me faire une boîte à lumière avec un trou pour éclairer la diapo, et placer mon appareil sur un banc de reproduction. Ce sera beaucoup plus simple!",2,natural,none,négatif,positif,absent,absent
fr_0153131,fr,"Bon rapport qualité-prix

Premier achat pour recharger l'imprimante photos canon SELPHY CP 1300 reçu en cadeau à Noël. Achat concluant sur le rapport qualité-prix par rapport à d'autres offres. Je ne peux donc que recommander ce produit.",5,natural,none,positif,positif,absent,absent
en_0422598,en,"Lots of luck with e-mailing Invoices! Sorry I spent the money!

the bookkeeping part works fine. but I updated to this version because it say works with windows 10 I can not get the Invoice to e-mail, I have tried for days, Even reconfiguring my pc to make it work, Tech support is useless, they know less than I do. It would also be nice if one could add and subtract when entering a number in a sale or purchase",1,enriched,service,négatif,absent,absent,négatif
en_0905762,en,"This tent is said to come with a flash light ...

This tent is said to come with a flash light but when I got mine, there was no flash light. And the stars don’t glow in the dark at all. Plz don’t claim things that aren’t true about your product.",1,natural,none,négatif,absent,absent,absent
en_0575411,en,"Nice quality and a fair price

Great quality for the price. They arrived pretty quickly and in great condition. They were wrapped very securely and kept separated from each other. They look very nice under light.",4,enriched,price,positif,positif,positif,absent
fr_0263093,fr,"pas le meme que sur la photo

mon écran est arrivé différent de celui qui est sur la photo je suis déçu, il ne couvre pas tout l'ecran",1,enriched,delivery,négatif,absent,négatif,absent
en_0004382,en,"Trash Pump.

Not happy with this. No suction at all . It's going in the trash bin . VERY DISAPPOINTED",2,natural,none,négatif,absent,absent,absent
en_0389775,en,"and feeling sad when I clearly just had a hormone imbalance that ...

I'm 28 years old and have had acne for years. After two weeks of this product I barely have any acne at all! Years and years of going to doctors, using expensive medications, and feeling sad when I clearly just had a hormone imbalance that doctors dismissed. I've also been having issues conceiving, and I'm hoping the lotion will help with that too! I actually work with a woman that got pregnant directly after using progesterone. Great product. If you're going to use it you need to do research about timing and amount though; if it's used wrong it can mess up your ovulation.",5,enriched,price,positif,absent,absent,absent
en_0322099,en,"Just perfect!

Beautiful watch. Perfect size, not too small or too big. Just perfect. Highly recommend this product. You won’t be disappointed.",5,natural,none,positif,absent,absent,absent
fr_0260938,fr,"Mecontent

Pièce jamais reçu C'est la deuxième fois que l'on me fait le coup donc je ne serais plus client chez amazone",1,enriched,delivery,absent,absent,négatif,absent
fr_0279458,fr,"Beau mais pas pour nous...

Très bien et rendu très joli mais la boîte est maintenant dans l'armoire depuis des mois car ma belle fille a fait une réaction allergique. On l'utilise de temps en temps mais sur une feuille... Plus jamais sur la peau.",3,natural,none,négatif,absent,absent,absent
fr_0707445,fr,"Bon produit

Envoi rapide, il manquait la visserie dans le carton, très bonne réactivité et rapidité du vendeur devant ce problème, très bon suivi. Le Top case et de très bonne facture surtout vu le prix, attention il est très gros a éviter sur les petits scooter, sinon je recommande.",4,enriched,service,positif,absent,positif,positif
fr_0390691,fr,"J'ai un doute

J'adore ce dentifrice, il nettoie parfaitement et en douceur mais j'ai un (gros) doute sur sa contenance : le tube contient-il vraiment 75 ml ? Je n'ai jamais vu un tube se vider si rapidement, or je n'en mets pas plus sur ma brosse électrique que d'habitude. Comme aucun autre utilisateur ne signale ce détail, je me pose vraiment la question!",4,natural,none,neutre,absent,absent,absent
fr_0248978,fr,"Une bombe sonore !

Je suis vraiment ravie de cet achat , prix très raisonnable et une qualité de son colle je cherchait , pour coûter de la musique et regarder des films c'est extra ! Un homme cinéma dans les oreilles je recommande !",5,natural,none,positif,positif,absent,absent
en_0781636,en,"Never buy an wig on sale wont be worth money

It wasn't curly but it fit in think I have to try it on Its okay buy too expensive Next time get another one for expensive price",3,enriched,price,négatif,négatif,absent,absent
en_0277325,en,"Good value

Good value for the cost.",5,natural,none,absent,positif,absent,absent
en_0867226,en,"Not as i expected

Poor quality on the print",3,natural,none,négatif,absent,absent,absent
fr_0246257,fr,"Jamais reçu au point relais malgré le fait de les avoir commandé 2 fois

Le livreur LP ou plutôt La Poste, livraison détestable Après 2 commandes je ne les ai jamais reçu. Il faut changer de prestataire de livraison",1,natural,none,absent,absent,négatif,absent
fr_0662445,fr,"Bof bof bof

Sa tourne vraiment doucement elle vaut absolument pas le prix c'est à coup sûr un produit chinois sans qualité..à éviter",2,natural,none,négatif,absent,négatif,absent
fr_0974381,fr,"très fragile

Ce produit m'est arrivé fendu e au niveau du haut du filtre et s'est cassé en mettant de l'eau bouillante. Donc aspect joli, fait bel effet sur la table, mais pas solide du tout. A utiliser avec beaucoup de précaution",2,natural,none,négatif,absent,absent,absent
en_0876322,en,"Divorce, abuse, safety?

I enjoyed this read that includes a woman waiting her divorce to be final. She is addicted to chocolate and is the owner operator of a pastry sandwich shop. She rents a house to and hires a single mother who refused to discuss her past. Together the support and stand up for each other as their messed up lives real with some difficult situations. A great read.",4,natural,none,positif,absent,absent,absent
en_0215534,en,"Great amount for the price

Great amount for the price. However, found out my dog is allergic to something in this and it made him super itchy.",3,natural,none,négatif,positif,absent,absent
en_0229687,en,"Check all parts when you open the kit.

Kit arrived on time; however; it was missing the clear plastic canopy pieces.",2,enriched,delivery,absent,absent,positif,absent
fr_0552840,fr,"Colis vide

J ai recu mon colis mais une fois que j ai ouvert il etait vide il n ya pas l appareil que dois je faire",1,enriched,delivery,absent,absent,négatif,absent
fr_0413928,fr,"Excellent!

Suis très satisfait. La coque protège très bien le smartphone et la sensibilité est excellente. Il y a même la place si on veut rajouter un verre pour renforcer la protection, ce que j'ai fait et ça fonctionne très bien. Je recommande ce produit d'un très bon rapport qualité prix",5,enriched,price,positif,positif,absent,absent
fr_0754311,fr,"Gardez le bruit si bien

J'ai eu ces écouteurs pendant quelques semaines, alors j'ai pensé qu'il était temps de partager mes pensées. J'ai payé le plein prix pour ces écouteurs, alors tout le monde sait qu'il n'y a pas de préjudice ici. Donc, j'ai acheté ceux-ci à utiliser dans le bureau. Je code fréquemment pour 8-9 heures à la fois, donc les écouteurs et la musique sont un must. Pour un peu de contexte, je n'utilise que des écouteurs sans fil, sur l'oreille et je le fais depuis de nombreuses années.",5,natural,none,positif,absent,absent,absent
fr_0558189,fr,"Bien pour faire de la peinture

Échafaudage rapide à monter et léger, mais trop fragile pour faire autre chose que de la peinture ou autre petit travaux... les roues ne sont pas réglables en hauteur, et la stabilité est très limité...",3,natural,none,négatif,absent,absent,absent
en_0722827,en,"Nice for reasonable price.

Wish the D ring was smaller. Hard to put tags on the vest.",3,enriched,price,négatif,positif,absent,absent
fr_0184201,fr,"Je recommande pour les fans

Quelques défauts sur certaines photos à l'intérieur du livre... Quelques accrocs sur la couverture !! Très beau travail du photographe ainsi que les textes... Cela n'empêche en rien l'éblouissement de ma fille fan de Matt Pokora. Livraison très rapide",3,enriched,delivery,négatif,absent,positif,absent
fr_0202297,fr,"Contente

Sur les conseils de mon dentiste, je suis passée à la brosse à dents souple. Celle-ci remplit bien sa fonction, douce mais efficace; bonne tenue en main. Je mets 4* car je n'ai reçu que 2lots au lieu des 3 prévus; mais vu le prix, je n'ai pas fait de réclamation.",4,enriched,delivery,positif,positif,négatif,absent
en_0081179,en,"Works much better than your old tape adapters and once you get ...

Purchased for an older vehicle. Works much better than your old tape adapters and once you get locked on the right channel it has a solid sound. Bluetooth connection to my phone is flawless. Was able to pair quickly and get this set up right away without needing directions. It’s liteweight and can be easily moved between vehicles. It seems to be made well and we have used it daily since purchasing it. Lot easier than buying a new stereo and ensures my kids hands are hopefully on the wheel when he’s driving.",4,natural,none,positif,absent,absent,absent
fr_0027688,fr,"Basse qualité

Tombé une fois de la table de chevet au bout de 2 semaines, ne fonctionne plus",3,natural,none,négatif,absent,absent,absent
en_0899975,en,"Something wrong

I ordered the package ( 4 packs) few days ago , Just open one of them , found something on the filter ( don’t know what is that ) , I’m afraid to use it ..",3,enriched,delivery,négatif,absent,absent,absent
fr_0761072,fr,"Sympa mais....

Bonjour, J'ai acheté ce produit comme ""neuf"" mais une des taies d'oreiller étaient déchirées. Je sais que je n'ai pas payé le prix fort mais j'espère au moins avoir un produit correct.",3,enriched,price,négatif,neutre,absent,absent
en_0521946,en,"A little tacky

This product isn’t horrible, but it isn’t great. The plastic is really cheap looking and one of the bulbs is a slightly different color than the others. Other than that, it looks pretty much like the picture and it turns on.",3,enriched,price,négatif,absent,absent,absent
en_0876847,en,"Never got what I paid for

I wouldn't know how to rate this product because I never received it!",1,enriched,delivery,absent,absent,négatif,absent
fr_0455929,fr,"Appareil nickel sur le papier, mais inutilisable dans la vraie vie.

Je vais vous retourner ce produit, dépourvu d'une notice en français. Je lis l'anglais, mais c'est du très mauvais anglais, au point que je ne parviens pas à utiliser les prétendues possibilités de cet appareil.",1,natural,none,négatif,absent,absent,absent
en_0558125,en,"Stockings won't stay up!

The first two days of wearing these compression stockings were great - exactly what I needed after vein treatment. After two days, they would not stay up. For the price, one would think the product would be satisfactory. Very disappointing.",2,enriched,price,négatif,négatif,absent,absent
fr_0527108,fr,"Attention attention attention

Attention attention attention tombé en panne au bout de trois jours Je demande le retour de la machine On m'envoie les documents de retour mes c'est a moi a payer Honteux Honteux A bannir cette boîte",1,enriched,service,négatif,absent,absent,négatif
en_0614553,en,"DO NOT BUY

The lid does not stay. It keeps skipping off. I had use all my strength to hold it down and still it splattered all over me. I thought this is an Indian manufacturer so they know what I need for my Indian cooking so it can’t go wrong. So I confidently threw away the box, so I am unable to return it but I cannot use it for any wet grinding for which I got this big and expensive grinder. Those who know , Indian cooking needs lot of grinding for curries. All money down the drain !",1,natural,none,négatif,négatif,absent,absent
fr_0517316,fr,"les rotules ne sont pas très précises

les rotules grip ne sont pas très précises le pied est assez lourd et moins stable que Manfrotto les c-stand avenger / manfrotto sont de meilleure qualité (meilleures rotules, pied plus stable) et on peut les trouver au même prix sur le web",3,enriched,price,négatif,neutre,absent,absent
fr_0966952,fr,"Produit pas satisfaisant

La batterie ne marchait pas il s'éteignait de manière impromptue...mais service client ok",1,enriched,service,négatif,absent,absent,positif
fr_0748414,fr,"Lampe à détecteur de mouvement OK

achetés pour l'entrée de la maison, la lampe détecte dans un large faisceau la présence de mouvement et s'allume comme prévu. Dans le noir elles sont très brillante et il faut cligner des yeux plusieurs fois si on ne s'attend pas à cette arrivée de lumière. La recharge par USB est très bien cela évite d'avoir à chercher des piles à chaque fois. Rapport qualité prix ok surtout avec la vente flash.",4,enriched,price,positif,positif,absent,absent
en_0295022,en,"Definitely keeps birds away

I put them around my patio 1 ft. apart from each other. At first I only did the front of patio but the birds came though the sides sitting on my 2 ceilings fans and pooping all over my outdoor furniture, but I bought more to put on the side and it did the trick. They were good for about 2 years and slowly the shinny finish wore out and some the skinny little rubber holding them gave out on its own or the wind was too strong for them. I only have two left and I am noticing the birds have returned so I am re-buying, but this time I am going to use fishing line instead of the skinny rubber it comes with.",4,natural,none,positif,absent,absent,absent
fr_0937226,fr,"Massive, élégante, bonnes finitions

J ai reçu cette montre argentée, la qualité est excellente, bonne montre dans l'air du temps, poids relativement lourd je kiffe cette belle montre en acier",5,natural,none,négatif,négatif,absent,absent
fr_0717090,fr,"Mon avis

Produit Reçu moisis hors de prix petit pour un petit morceau de racine de 25 cm très déçu",1,enriched,price,positif,absent,absent,absent
fr_0079818,fr,"Super

Bon produit . Facile à monter et assez robuste",4,natural,none,négatif,absent,absent,absent
fr_0332620,fr,"Joli mais il fuit !

Très joli produit esthétiquement (chromé) et confortable avec la bande en caoutchouc, mais à savoir que ce mug n'est pas un vrai thermos et ne garde pas la chaleur très longtemps. Aussi le mug fuit s'il ne reste pas débout. Je le recommande quand même.",3,natural,none,négatif,absent,absent,absent
fr_0098279,fr,"déçue

Je suis déçue par la teinte des pierres qui semblent assez foncées sur le site alors qu'elles sont hyper claires.",2,natural,none,négatif,absent,absent,absent
en_0491940,en,"Cheap material, not the same color

I knew these would be on the cheaper end, but when they showed up the color was way lighter than the picture, giving it a cheap 80's workout clothes look. I returned them, and the seller refunded my purchase without incident.",2,enriched,price,négatif,absent,absent,positif
fr_0567146,fr,"Sommier pourri

N’achetez surtout pas ce sommier c’est un sommier de merde les latte ne tiennent pas elle se casse et j’ai reçu les pieds du sommier un mois plus tard C’est scandaleux de vendre de la merde comme ça à éviter à tout prix",1,enriched,price,négatif,absent,négatif,positif
fr_0477826,fr,"Pas reçu

Livré je ne sais où…..même pas appelé au tel., pourtant j'étais à la maison (heureusement remboursé très rapidement par Amazon)",1,enriched,service,négatif,absent,négatif,absent
fr_0575184,fr,"Un peu camelote.

La passoire est arrivée avec le pied tordu, sans doute lié à un mauvais emballage. J'ai pu le redresser à la main ce qui prouve la finesse de l'inox utilisé. Pas vraiment solide...",2,natural,none,positif,absent,absent,absent
en_0391925,en,"Product itself is fine; Amazon shipping damaged box

The product itself is fine, but as a collector I am disappointed in the condition of the box. The box was damaged in several places because Amazon shipped them loose in a box without any sort of protection at all.",2,enriched,delivery,négatif,absent,négatif,absent
fr_0658636,fr,"barbie

bien rapport qualité prix",4,enriched,price,positif,positif,absent,absent
en_0751540,en,"Nice warm blanket

Nice warm blanket. Not the absolute highest quality, but great value for the price, and good for our household since we have two dogs that always want to rough house on our bed. I'd order again.",4,enriched,price,positif,positif,absent,absent
fr_0361448,fr,"Chaises Scandinaves

Belle chaise malgré une erreur de livraison. J’avais commandé 6 chaises noires et reçu 4 noires et 2 blanches Finalement très bien comme j’ai des meubles blanc",5,enriched,delivery,positif,absent,négatif,absent
en_0371998,en,"Solid sturdy case due to slippery phone itself. Coming from someone that doesn't like cases.

This is a solid case for Essential Phone. I'm pretty happy with it, I used to go without a case before this on my older phones and I just don't really like cases but it's far too slippery the Essential Phone. I'm happy to say that this has a great fit and is all I'm looking for in a phone case, to protect and not really be noticeable. This case does that job.",4,natural,none,positif,absent,absent,absent
en_0809435,en,"Arrived broken, still like it.

Unfortunately this arrived broken. However, I was rewarded a full refund and my snake still likes to use it. I just had to sand down the sharp edges where it broke, but this is as described and is a quality product otherwise.",4,enriched,service,positif,absent,négatif,positif
en_0308037,en,"Too small

I keep forgetting to check clothes coming from China",2,natural,none,négatif,absent,absent,absent
fr_0219533,fr,"De bonne fabrication

Conforme au descriptif",4,natural,none,positif,absent,absent,absent
en_0675798,en,"Two Stars

Wing fell off after using a few times.",2,natural,none,négatif,absent,absent,absent
en_0458707,en,"Too small for minimal stuff!

Hand to return this cutie...was way to small to even fit my phone (xMax)",2,natural,none,négatif,absent,absent,absent
fr_0312825,fr,"Protection qui ne correspond pas au téléphone

C'est pas ce que j'ai commandé, sur la photo la protection correspond, là les trous ne correspondent absolument pas, j'ai l'appareil photo sans trou.",1,natural,none,négatif,absent,négatif,absent
fr_0488794,fr,"Lourdes

Bonnes jumelles mais un peu trop lourdes",4,natural,none,neutre,absent,absent,absent
fr_0292833,fr,"Sûrement un mauvais lot ...

Bonjour, j'ai du tomber sur un mauvais numéro. La batterie ne charge presque pas et je n'ai pas beaucoup plus de puissance que sur mon ancienne qui arrivait au bout de sa capacité.Je vais voir pour la faire changer. Sinon le produit, la livraison sont conforme et sans problème. Hervé.",2,enriched,delivery,négatif,absent,positif,absent
fr_0529283,fr,"Inutile

Inutile. Je ne comprends pas les commentaires positifs. Fixe bien le téléphone oui, mais je perds de la batterie ! Il ne charge pas assez vite. Pour info, j’ai même essayé de changer mon adaptateur allume-cigare USB pour un plus puissant mais même chose. Rien de mieux que le branchement par câble malheureusement :-(",1,natural,none,négatif,absent,absent,absent
en_0060312,en,"Detailed experience ...

Day 1: the pills are easy to swallow, took them 20min before dinner (as the package directed). Maybe this is TMI ... but since I'm going to leave an honest review, I did have a few nasty tasting burps after eating dinner. We'll see how this goes. I'll post an update after I've been taking it for a few days.",3,natural,none,neutre,absent,absent,absent
fr_0208623,fr,"Produit retourné c est un socle pas un chargeur

C est juste un socle. Il faut avoir le chargeur en plus. Produit retourné pour un chargeur standard.",3,natural,none,absent,absent,absent,absent
fr_0366813,fr,"Vendeur pas sérieux

Colis reçu dans les délais. Autant mes autres achats sont nickels que celui-ci laisse vraiment à désirer. Les baguettes ne sont pas en cause, elles sont pratiques et solides. Ce que j'ai le moins apprécié c'est le petit post-it sur le paquet de baguettes avec le gentil petit message ""domage manque une paire"". A vous de voir sir vous voulez tenter l'expérience avec ce vendeur...",2,enriched,service,positif,absent,positif,négatif
en_0005674,en,"Shipping nightmare

The product itself was decent quality. It worked well with adhering my new carpeting to my boat. HOWEVER, The shipping was a disaster. The lid had no mechanical seal and had simply popped loose causing a large amount of the adhesive to coat the inside of the shipping envelope and the entire outside of the container. It's a miracle that I didn't lose that much of the product and was still able to complete the project.",2,enriched,delivery,négatif,absent,négatif,absent
fr_0506755,fr,"Bug , fonctionne très mal

Là manettes n’est pas conforme , elle bug , les boutons réagis très mal , lorsque j’appuie sur certaine touche d’autre ce déclenche , c’est vraiment un produit très décevant pour Sony prix. Qui et au dessus de la moyenne du marcher , faite moi confiance et n’acheter surtout pas ce produit.",1,enriched,price,négatif,négatif,absent,absent
fr_0487499,fr,"le produit semble reconditionné ....

colis reçu, mais semble avoir été reconditionné ....??? non signalé lors de l'achat !! carton abîmé suite à une ouverture déjà effectué et plastiques enveloppants les câbles et accessoires ne semble pas d'origine. bizarre....",3,enriched,delivery,neutre,absent,neutre,absent
fr_0007659,fr,"Table manucure

Bonjour voilà les photos il y a des rayures le tiroir est tordu pieds bancals écrire plein de taches partout ça se voit c'est pas du neuf alors je vous demande de remboursement merci cordialement",1,enriched,service,négatif,absent,absent,absent
en_0441247,en,"Not great

The product didn’t stay on well and stopped twisting up after about a month of use. I used it maybe 7 times during that month so I couldn’t have used it all. For the price I would expect it to work for longer than a month considering your can get one for $1.99 at the drugstore that lasts for a year...",2,enriched,price,négatif,négatif,absent,absent
fr_0913648,fr,"Coutures fragiles

Qualité médiocre mais le prix est correct. Les coutures sont très fragiles.",3,enriched,price,négatif,neutre,absent,absent
fr_0639457,fr,"Très bon

Bon produit rapport qualité prix",5,enriched,price,positif,positif,absent,absent
fr_0278254,fr,"Satisfaite.

Belle couleur et arrivé assez rapidement. Personnellement je souhaite l'utiliser pour un mini jardin et non un aquarium, sinon privilégier des sacs plus grands.",3,enriched,delivery,positif,absent,positif,absent
fr_0961536,fr,"GROSSE TRACE DE COLLE

Le jouet avait une grosse trace de colle devant ce qui est une anomalie et qui n'aurai jamais du être envoyé. Un vendeur sans scrupule",1,enriched,service,négatif,absent,absent,négatif
en_0165943,en,"Stay away from this seller!

Update: This was originally a 2 star review and you could reference the text of it below. Three months after returning the item a seller reached out to me directly, outside of Amazon’s messaging system and asked to remove the review. They got my personal information and this was not supposed to happen. Shady business, beware and stay away! Original: This set has a poor quality (but is worth the price). Several pieces had scratches, dents, and other blemishes straigh out of the box. Spend a little more for a a better quality flatware. Had to return this and Amazon was great (as always) working on processing the return.",1,enriched,price,négatif,neutre,absent,négatif
en_0370190,en,"Warranty not Honored by Milwaukee when purchased from Amazon

The tool is amazing, 5 stars. However, on the Amazon page, it says that there is a full warranty from the manufacturer, which is not true. When I tried to get this repaired, Milwaukee said they don't warranty purchases from Amazon. This seller needs to update their false advertising. If you have this tool, there is still some warranty, but it's based on the date that the tool was manufactured, not when it was sold. You have 3 years from date of manufacture, and not the __full__ warranty. Sucks I have no way of leaving feedback for the seller independent of the tool (which is great). But this is a very deceptive practice.",1,enriched,service,positif,absent,absent,négatif
fr_0912777,fr,"chronopost à fuire objet cassé à chaque fois

article reçu une première fois sans terrarium avec la mention écrite cassé sur le carton et il manquait les copeaux de bois, je demande donc le remplacement. Je vais chercher une deuxième fois mon terrarium au bureau de poste au Chronopost me l'avait déposé et là les articles sont bien tous à l'intérieur mais cassé en mille morceaux. Je demande donc le remboursement pour aller en acheter ailleurs par mon propre transport.",1,enriched,service,absent,absent,négatif,négatif
fr_0976958,fr,"cool

bien reçu très satisfaite de se produit je la recommende bien reçu très satisfaite de se produit je la recommende bien reçu très satisfaite de se produit je la recommende",3,enriched,delivery,positif,absent,positif,absent
en_0847557,en,"Not worth the money

I am very disappointed with this product after using it for about a week. It did NOT control my dogs barking at all, instead, it made her much louder. The dogs around her were more concerned about where that noise came from. I would rethink this purchase if you have a multiple dog household. The noise is just a simple beep, but is loud enough for a human to hear. I was so excited to receive this item after reading the reviews, but to my disappointment, it didn't work at all for my dog. This purchase should be made for a dog that would be terrified of a beep or slight vibration, it is not meant for a dog that would pay no attention to a beep or vibration.",1,enriched,price,négatif,négatif,absent,absent
fr_0409986,fr,"pas cher

pour juste affûter les couteaux, ou meuler une vis, ça va, mais pour le reste, aucune puissance, donc si vous voulez affuter vos forets ou un petit truc pas gros, ça convient",2,enriched,price,neutre,positif,absent,absent
en_0037702,en,"Not bulky

It is nice to not have to use a bulky towel to hold my hair up. I’m not entirely convinced that it lives up to all of its claims for drying hair, but I also have very thick hair so that may play into it. I still like it though so it’s worth trying out.",4,natural,none,positif,absent,absent,absent
fr_0637923,fr,"toujours en activité !

cet objet acquis depuis plusieurs mois est toujours en activité tant il s'économise à ne trop rien faire! Il va de chaussures en chaussures et assure son rôle d' agrandisseur pour mes grands pieds vieillissants. Bonne matière c'est un collaborateur utile et ingénieux qui ne nous cause aucun problème.",3,natural,none,positif,absent,absent,absent
fr_0021415,fr,"Inutilisable

Clavier léger, qualité adéquate pour un prix alléchant. Mais le choix d'utiliser une touche non standardisée pour la touche retour-arrière (au lieu d'une seule grande touche, elle est divisée en deux, avec une petite touche mal placée pour le retour-arrière) le rend inutilisable, du moins, pour les gens comme moi qui avaient appris le dactylo.",1,enriched,price,négatif,positif,absent,absent
en_0198592,en,"awsome tool

I bought this for a helper to use and he liked it so well I was gonna give him a bonus for a job well done but he asked for this tool instead...",5,natural,none,positif,absent,absent,absent
en_0838305,en,"I ordered white and received lavender

I would like a refund, product was not white and the bow is MUCH smaller and looks dinky...",2,enriched,delivery,négatif,absent,négatif,absent
en_0057291,en,"Way too thin at top.

This wig is not worth 21$ . Looks way too fake. Have found better on amazon for 21$ doesn't fit right",1,enriched,price,négatif,négatif,absent,absent
en_0304828,en,"... stay attached to the frame but that thing breaks easily and make the iron bars fall

The support iron bars got some thing to put on for them to stay attached to the frame but that thing breaks easily and make the iron bars fall.",1,natural,none,négatif,absent,absent,absent
fr_0864172,fr,"OUI MAIS...

Attention il n'y a pas 2 produits comme sur l'image mais seulement 1 shampoing !",3,natural,none,absent,absent,négatif,absent
fr_0815360,fr,"Très mauvaise qualité

Chaussures inadaptées, aucun confort, pas faites pour des chaussures de sécurité car abimés au bout de 3 jours",1,natural,none,négatif,absent,absent,absent
fr_0751664,fr,"sur la livraison

pour la livraison, aucune info du passage, le colis a été remis directement à la poste,",3,natural,none,absent,absent,neutre,absent
fr_0113867,fr,"Pratique

Super pratique pour mettre des aliments au congélateur",5,natural,none,positif,absent,absent,absent
fr_0542310,fr,"ok mais....

très bon maintient du bébé avec une assise confortable, il ne me l a pas dit, mais ça m a l air idéal. cependant il faut d assez large épaule pour porter le gros sac (pas le bébé), pas fort pratique pour une personne de gabarit léger, ou alors régler sans arrêt et minutieusement les sangles au fur et à mesure qu on ressent le poids du bébé. (ou tout simplement faire suivre un régime au bébé) pas facile non plus d installer le bébé en étant seul, ou peut être que je n ai pas encore la main. sinon dans l ensemble, c est un bon sac mais qui ne se démarque pas assez des concurrents à prix parfois plus petits, et plus pratique. mais je pense pouvoir revendre celui ci en deuxième main plus tard sans trop de peine grâce à la renommé de la marque.",3,enriched,price,positif,négatif,absent,absent
fr_0408877,fr,"Pas utilisé

N'allait pas dans mon cosy.",2,natural,none,absent,absent,absent,absent
en_0880722,en,"As expected

Very cheap, rips easy, but cool product if only need for 1 time use such as anniversary or bday for hub",2,enriched,price,négatif,neutre,absent,absent
fr_0448864,fr,"bel effet !

tres contents de ce tapis qui respecte sa description - belle qualité avec son design moderne - Très bien !",5,natural,none,positif,absent,absent,absent
en_0503116,en,"Best mugs ever

Best mugs ever. Everyone in my family wanted one once they saw mine and they all received one for Christmas. Keeps drinks very hot and doesn't spill.",5,enriched,delivery,positif,absent,absent,absent
fr_0772694,fr,"La montagne

Livre intéressant mais trop lent pour mon gout et pas assez d'explication sur certaine expressions ou termes ou même cuisine",3,natural,none,neutre,absent,absent,absent
fr_0083204,fr,"je n'ai pas eu l'objet

Vous vous moquez de moi j'ai toujours rien recu et je vous ai ecrit pour avoir le remboursement",1,enriched,service,absent,absent,négatif,négatif
en_0597086,en,"Dose not work with guns it specifics.

It states,for guns w/lights,well I have a Glock 17 w/Glock light and it does not work,it only works for blackhawk lights that are high price.",3,enriched,price,négatif,absent,absent,absent
en_0453428,en,"A good price for someone who is testing a product for the first time.

I was pleased to receive this product in a timely fashion and the price 11.00 and some change was a reasonable price for someone like myself who is testing this product out for the first time. Some people say that sea moss basically has no taste when you mix it in a smoothie and such.. Not so in my opinion I mixed mine and can still detect it! I think it would be better in something like a soup cuz it's very sea weedy and fishy tasting. Once I learn how to use it I would probably purchase it again.",4,enriched,price,neutre,positif,positif,absent
fr_0795332,fr,"tres fragile

au bout d'une semaine le boudin se dégonfle tout seul, il y a des fuites au niveau des thermo soudures du liner.",1,natural,none,négatif,absent,absent,absent
en_0400789,en,"fast shipping

they were nice but too big.",4,enriched,delivery,neutre,absent,positif,absent
fr_0735166,fr,"Très bon produit

Aucun problème avec ce produit ! Reçu vite, en bon état, fonctionne bien pour mon iphone et mes airpods !",5,natural,none,positif,absent,positif,absent
fr_0814548,fr,"Colère!

Je n'ai jamais reçu cet article ni le remboursement qui est annoncé depuis le 24 décembre!!!",1,enriched,delivery,absent,absent,négatif,négatif
en_0976199,en,"Love it

Like it love it when everyone is in the story",4,natural,none,absent,absent,absent,absent
en_0879265,en,"Bad bad bad services

I bought this products 2 months ago , I didn’t received yet !!’",1,enriched,delivery,absent,absent,négatif,négatif
en_0947187,en,"Quality doesnt match the price

The item that arrives does NOT resemble the product photo provided by the seller. It does not feel like the memory foam depicted in the sellers photos either. The cover is a weird cottony wool that is ill-fitted for the foam core. The upsetting part is that this item cost MORE than the wedge purchased for my back, which is a higher quality foam and a much nicer cover that actually fits. The cover for the knee wedge is a hot wintery fabric that is surely to make some people feel too warm.",3,enriched,service,négatif,négatif,absent,absent
en_0477894,en,"Author repeats itself

This book could have been written in 20 pages. It is basically a ""cookie-cutter"" manual fluffed with lots of unnecessary psychology mumbo jumbo.",2,natural,none,négatif,absent,absent,absent
en_0901961,en,"Not what it appears to be!

The black plastic organizer is what I thought I was ordering. Instead, I received a bunch of white cardboard folding pieces. I plan to return the item and will update if there is a way to actually receive what I ordered. No instructions - nothing. Just lots of cardboard packaged in bubble wrap.",1,enriched,delivery,négatif,absent,négatif,absent
en_0334336,en,"Wish I had ordered this months ago

Arrived way ahead of initial tentative delivery date. Fit well - 1 minute fix, wish I had ordered this replacement knob months ago.",5,enriched,service,positif,absent,positif,absent
en_0412191,en,"Fast and great quality

This looked exactly as described and arrived within 2 days. Very fast! Great!",5,enriched,delivery,positif,positif,absent,absent
en_0636123,en,"Four Stars

This is a nice and reasonable case as far a price.... love the way it feels",4,enriched,price,neutre,positif,absent,absent
fr_0406607,fr,"Serait mieux en noir ou gris

C'est pas mal mais par contre il est dommage qu'il n'existe pas en noir car en blanc c'est très salissant et en marron cela fait vieillot on a donc choisi blanc par défaut mais il s'est très vite sali dommage",3,natural,none,négatif,absent,absent,absent
fr_0777845,fr,"Accessoires du Produit fragile

La télécommande qui s'accroche au volant est arrivée cassé du coup je suis obligé de tout faire sur les commandes de l'écran.",3,natural,none,négatif,absent,négatif,absent
en_0671868,en,"Four Stars

fits good and just as descibed",4,natural,none,positif,absent,absent,absent
en_0957268,en,"Great service

The book was lost, but they sent me one right away. I would buy from them again.",5,natural,none,absent,absent,négatif,positif
en_0371111,en,"Pendant is pretty, but the chain ruins the entire piece.

I wish that the other poster's delivery had come in before I'd ordered, or I wouldn't have ordered this necklace. The pendant itself is very pretty, but the chain is HORRIBLE. It kinks badly and the adjusting beads don't work very well. I will likely return it.",2,enriched,service,négatif,absent,absent,absent
en_0654569,en,"Beautiful and Functional!

I bought this as a gift for my husband. It has everything he was looking for in a bedside lamp, I was so happy to find it! And even better, it works perfectly and looks beautiful. The dimming switch is the best part- with just a touch of the finger you can either turn it off and on or make it brighter or dimmer. The wireless charger is also a great feature. I definitely recommend this lamp!",5,natural,none,positif,absent,absent,absent
en_0471353,en,"Durable

Have found no flaws in these mirrors. Installed them on my 2019 ezgo cart.",4,natural,none,positif,absent,absent,absent
fr_0904853,fr,"Couleur devient fade

Perd sa couleur, usé rapidement même pas lavé",3,natural,none,négatif,absent,absent,absent
fr_0753064,fr,"Pyjama only maison

C’est très marrant pour les parents. Juste pour la maison. Ça fait bête de foire !! Mais c’est drôle",3,natural,none,neutre,absent,absent,absent
fr_0320679,fr,"Barrette défectueuse au bout de 3 semaine

Extrêmement déçu après 3 semaine une barrette défectueuse. Du coup sav pas pratique en gros je retourne chez g.skill barette corsair pas fiable pour le 2e kit 2x8Go les 2 avec une barrette défectueuse au bout de 2/3 semaine.",2,enriched,service,négatif,absent,absent,négatif
en_0671050,en,"I like it, but probably won't be buying it from ...

I like it, but probably won't be buying it from amazon anymore. Found it from a local consultant and only pay the price of the item not tax or shipping on top of price.",3,enriched,price,absent,négatif,absent,absent
en_0452395,en,"expensive

expensive but is what it is",3,enriched,price,absent,négatif,absent,absent
fr_0481818,fr,"sachet non individuel

sachets en vrac, non individuels donc moins de goût",2,natural,none,négatif,absent,absent,absent
en_0798475,en,"Ask for delivery schedule before i order.

Took to long to deliver because it got lost in transit.",2,enriched,delivery,absent,absent,négatif,absent
en_0735525,en,"Good product for price

Bought for summer concerts outdoors.. works great n holds good charge",4,natural,none,positif,positif,absent,absent
fr_0487838,fr,"Satisfaite de mon achat

Produit reçu dans le délai prévu. Cela fait seulement quelques jours que je l’utilise pour mes chiens et mes chattes (2 chattes qui viennent d’arriver!). La cohabitation avec mes 2 premières chattes étant très difficile, j’ai donc décidé de commander ce produit. Les chiens sont plus calmes, et j’ai 2 chattes qui sont aussi plus calmes. Je vais voir sur le long terme pour les 2 autres. L’odeur est particulière mais ça ne les dérangent pas. Je le recommande, puisque j’ai un résultat plutôt positif sur ma petite troupe à poils. Je pense même le recommander par la suite, le temps que les 2 chattes se calment elles aussi.",4,enriched,delivery,positif,absent,positif,absent
en_0254327,en,"Quality and comfortable briefs

Very good quality. Briefs don't stretch nor shrink after washing. Low rise is not too low, which makes it more comfortable for normal bodies.",5,natural,none,positif,absent,absent,absent
fr_0213667,fr,"Incomplet

Article reçu dans les temps, mais non complet. Manque les 6 pinceaux...",2,enriched,delivery,absent,absent,négatif,absent
fr_0762592,fr,"Vaut même pas le prix payé !!!!

Acheté 2 télécommandes, la 1ère fut impossible à programmer même avec le tuto trouvé sur youtube et la seconde perdait ses mémorisations dès qu'un nouveau bouton était programmer. Donc renvoyées pour remboursement. Je ne recommande pas du tout le produit",1,enriched,service,négatif,négatif,absent,absent
en_0020256,en,"Good for the price

Took some time to sync to my app and to start tracking steps but seeks to be fine now.",4,enriched,price,neutre,positif,absent,absent
en_0331749,en,"Warehouse deals and don’t buy from them they’re a bunch a scam artists.

If I could give this no stars I would! So here’s how this goes I received the package and inside is a pair of $25 Walmart rubber universal fit junk floor mats! So this warehouse deals place obviously either is trying to get over on me and Amazon or they’ve got a bunch of fools working for them that check returns in without matching the product against what it is they sold. Thank God for Amazon’s wonderful customer service and the fact that they’re going to refund my money so long story short , Warehouse deals and don’t buy from them they’re a bunch a scam artists.",1,enriched,delivery,négatif,absent,négatif,positif
en_0761337,en,"Tast okay

Ok so I cant judge the effectiveness now. But I was having trouble taking it alone. I just add the drops to my bottle of water and drink it before meals. This is my second week and it has been working well. I give it three star because of the taste for now. I will update my review once I'm done with the entire product.",3,natural,none,neutre,absent,absent,absent
en_0841265,en,"Scratches

Very small. Need to fill often",2,natural,none,négatif,absent,absent,absent
en_0496797,en,"50% rating for 50% performance

I like the size and the ability to put it on a keychain. Directions on Amazon page for programming were easy to follow and were correct. However, only 1 of the two had a functioning battery when they arrived, and no instructions came with the package for how to open remotes to change battery. Hopefully the vendor will supply that info, or better yet a fresh battery!",3,natural,none,neutre,absent,absent,absent
fr_0346562,fr,"sticks double paupière

L'article est de bonne qualité, mais je regrette de ne pas avoir été informée qu'il existe plusieurs tailles, et malheureusement je ne suis pas tombée sur la bonne taille. J'ai reçu la commande avant la date prévue donc rien a dire de ce côté là, le vendeur a bien rempli les conditions le concernant.",3,enriched,service,positif,absent,positif,positif
fr_0516984,fr,"seyant et confortable

Je ne regrette pas du tout cet achat, le pull est léger et agréable à porter et en plus il est flatteur!",5,natural,none,négatif,absent,absent,négatif
en_0638427,en,"Bad quality, very thin and not even. Some areas you can see thru

Look at the picture. It is very thin and in some areas there seems be holes. Not sure how the filter is going to trap and dust. I called Holmes customer service and they said they only warranty filters that are bought from their web site. Bad customer service policy from Holmes. They didn’t even care enough about their quality to ask for the serial or product code so the team can investigate. Not buying Holmes any more.",2,enriched,service,positif,absent,absent,absent
fr_0968032,fr,"J adore

J adore il devrais le faire toute l'année odeur de bonbon sans faire enfantin pas écoeurant du tout je recommande",5,natural,none,absent,absent,absent,positif
en_0660629,en,"The package arrived as scheduled but it's a lucky thing ...

Updated review - great customer service, would buy them again.",4,enriched,delivery,négatif,absent,absent,absent
fr_0776383,fr,"remplace ceux d'origine, mais s'use extremement vite

attention , ces charbons s 'use extrêmement vite.... ça dépanne quelques temps , mais la qualité n'est pas la...déçu.ça vaut a peine son prix.",2,enriched,price,négatif,absent,absent,absent
en_0088476,en,"it fits but the print on the product makes me ...

it fits but the print on the product makes me wonder about the genuineness of the product, it's different than the OEM parts I pulled out from my car, and it's different from the pictures provided by the seller, and different than any online installation video/photo",2,natural,none,négatif,absent,absent,absent
en_0108505,en,"If it's defective YOU will pay to ship it back

Hour hand got stuck on the temperature dial (bent too low), so it would only go to 9 o'clock. NO FREE RETURN",2,enriched,service,négatif,absent,absent,négatif
fr_0453316,fr,"Bof !!!

Pas prévenu de la livraison, heureusement le commerçant me connaissant m'a téléphoné. Le fond du cadran n'est pas bleu comme sur la photo mais bleu nuit, presque noir, ça manque de gaieté. Le bracelet métallique est livré en position la plus élargie, si vous n'êtes pas obèse et sans possession des outils adéquats, vous devez payer un pro pour vous le raccourcir: coût 10€. La phosphorescence des aiguilles est quasi nulle, impossible de voir l'heure la nuit. J'avais un meilleur souvenir de ma précédente Festina achetée il y a 10 ans.",2,natural,none,négatif,négatif,négatif,absent
en_0474925,en,"Perfect for school

Backpack is fantastic granddaughter loves it.lots of space sturdy zippers well made",5,natural,none,positif,absent,absent,absent
fr_0749871,fr,"Super petite chaîne

Très bon son pour la petite taille. Facilement installable. Le Bluetooth se synchronise bien. Par contre le mode d'emploi fourni est incorrect sur le réglage de l'heure. Se référer au mode d'emploi sur le site de Philipps.",4,natural,none,positif,absent,absent,absent
en_0415279,en,"Doesn’t fit properly.

Doesn’t fit correctly in fridge although says it is a replacement for my model of refrigerator.",1,natural,none,négatif,absent,absent,absent
fr_0653826,fr,"SEULEMENT EN 3G

TEL REÇU CONFORME MAIS PAS DE 4G SEULEMENT EN 3 G LA 4G ET POUR LES VERSION LTE",2,enriched,delivery,neutre,absent,absent,absent
fr_0762013,fr,"tissu pour enceinte

bon prix ,envoyer rapidement, mais tissu trop fin beaucoup trop fin ,cacher des hp non . Obliger de peindre en noir le support hp suis deçu",3,enriched,service,négatif,négatif,positif,absent
en_0285608,en,"Nicely packaged

Can not use without a brush attachment as shown in add.",1,natural,none,négatif,absent,absent,absent
