id,language,text,stars,sampling_source,target_candidate,quality,price,delivery,service
fr_0605960,fr,"Trop cher

Beaucoup de défaut de fabrications. Mais amusant . Trop cher pour ce que c'est",2,enriched,price,négatif,négatif,absent,absent
fr_0200494,fr,"Top : joli et facile à monter

Bien fini Livré avec les outils Top",5,enriched,delivery,positif,absent,positif,absent
fr_0577352,fr,"Très fin et se voit mal

Le disque se voit assez mal, sa qualité est plus que moyenne. je ne recommande pas.",2,natural,none,négatif,absent,absent,absent
fr_0649039,fr,"Pour le prix d'un escabeau en galva, un bon plan en alu

Objet pratique et esthétique. Dernières arches : il faut apprendre à s'équilibrer sans les mains, en posant les pieds de chaque côté. Mais on ne peut pas avoir compacité + garde-corps.",4,enriched,price,positif,positif,absent,absent
fr_0212831,fr,"Rasoir très pratique

J’ai un pull que j’aime bcp, mais il est couvert par des boules. Ce rasoir l’a sauvé. Il’est très facile à utiliser, chargeable donc pas besoin de piles. J’apprécie beaucoup qu’il y a une lame en plus qui est fournit. Très bonne rapport qualité prix, je le recommande",5,natural,none,positif,positif,absent,absent
fr_0119964,fr,"tres pratique

pratique avec sa petite taille",5,natural,none,positif,absent,absent,absent
en_0295305,en,"Satisfied

I received my smiling Apple Watch case a few days ago. It was easy to install and works great. I have no trouble whatsoever using the touch screen. So far very happy with the purchase.",5,enriched,delivery,positif,absent,absent,absent
fr_0816039,fr,"Parfait

Livraison plus vite que prévu, correspond parfaitement à la photo, les plumes sont douces et pas trop grand, n’obstrue en rien la visibilité.",5,natural,none,positif,absent,positif,absent
en_0347261,en,"Not worth the money. Not even $10

Yes the product is cheap but my frustration is the fact that it covers the top of the screen so if you put a screen protector on it will push against it, making it useless. Unfortunately, I did not get it in the mail fast enough for a return. Not worth the money. In the trash it goes.",1,enriched,price,négatif,négatif,absent,absent
en_0630228,en,"I am not satisfied with this product and would like to get s ...

case was not what I expected. I am not satisfied with this product and would like to get s refund. I don't like that I was sent a red case with a other items where pink.",2,natural,none,négatif,absent,absent,absent
fr_0631555,fr,"Informations produit

Commander en deux exemplaires. Reçu un seul... Verre compatible smok x-priv ce qui nous est pas très clair sur le site",1,natural,none,absent,absent,négatif,absent
fr_0672831,fr,"Vraiment minable

Article jamais recu!!! Et aucune réponse du vendeur !! Je n'aurai pas mon pull pour Noël alors que je l'ai commandé tout début décembre.",1,enriched,service,absent,absent,négatif,négatif
fr_0846381,fr,"correct mais...

le produit est conforme mais l’exécution du transfert de fichiers est très long... Produit fragile qui nécessite protection.",3,natural,none,négatif,absent,absent,absent
fr_0172613,fr,"toile impermeable

j'ai aimé la couleur et l' aspect du tissu mais pas assez d'attaches intérieures pour la fixation serge bon produit",4,natural,none,négatif,absent,absent,absent
en_0854610,en,"Two Stars

Ordered normal size but these run large had trouble keeping the up.",2,natural,none,négatif,absent,absent,absent
fr_0663863,fr,"je viens juste de le recevoir

Pas encore essayé : je ne manquerai pas de donner mon avis ultérieurement",3,natural,none,neutre,absent,absent,absent
fr_0250899,fr,"commande incomplète

J'ai commandé deux coques vierges et il m'a été livré UNE seule coque vierge et une clef complète qui est inutilisable!!!",1,enriched,delivery,absent,absent,négatif,absent
en_0870917,en,"Worst product I have purchased from Amazon.

Everyone was correct when they said this item stinks. It immediately began to lose its charge. Even when I was not using a plug in headphone, it was dying within 15 minutes. I then submitted for a refund or replacement after Amazon claimed they were fixing these products. Now they have canceled my replacement and will not let me return for a refund since it is past due.",1,enriched,service,négatif,absent,absent,négatif
fr_0791703,fr,"Support ordinateur

Bonne hauteur, bonne inclinaison mais malheureusement les supports gênent pour écrire sur le clavier. Un petit peu cher aussi. Dommage !",2,enriched,price,négatif,négatif,absent,absent
en_0981877,en,"Terrible product do not buy-Zero stars

After washing with accompanying shampoo my healthy hair felt like straw. I had to apply almost a third of the bottle of conditioner to even feel like there was any conditioner in my hair. It did not work and my previously very healthy hair was now damaged and needed some serious repair treatment. To top it off, I was denied a refund.",1,enriched,service,négatif,absent,absent,négatif
fr_0541034,fr,"Bon rendu

Pour dressing. bon rendu. A voir dans le temps",4,natural,none,positif,absent,absent,absent
fr_0613617,fr,"adhesif

je mais une étoile zéro serait plus juste pour cette achat passer votre chemin sa ne tient pas",1,natural,none,négatif,absent,absent,absent
en_0160320,en,"I couldn't find a comfortable combination to make these fit my ears

I couldn't find a comfortable combination to make these fit my ears. Fell out with a head turn. Never even listened to music through them, so I cannot comment on sound quality. UPDATE: I have to thank Patozon Customer Service, who reached out to me and offered (free of charge!) a different style that fit very well! Great customer service!",3,enriched,service,négatif,absent,absent,positif
fr_0269983,fr,"Recevoir !

J aimerais donner mon avis mais je n est pas reçu le colis !",1,enriched,delivery,absent,absent,négatif,absent
fr_0261942,fr,"Pas livré

Jamais reçu cependant pour s'excuser amazon m'offre 1 mois de plus sur mon abo prime.",1,natural,none,absent,absent,négatif,positif
en_0339362,en,"Excellent product.. Five stars

Product was high quality and exactly as described. Would definitely buy from this seller again. Excellent ship time.",4,enriched,service,positif,absent,positif,positif
en_0858547,en,"painful!

This products sucks made me bleed and leaves it very patchy and super irritated. Would not recommend this! It does leave your skin soft though and the irritation is gone by the next day but definitely not worth the pain",1,natural,none,négatif,absent,absent,absent
fr_0363217,fr,"Son prix

Pour une poubelle que jai fait retour trop grande imposible d'avoir le bon couvercle toujour non disponible sa devient chian ou plus fabriqué mdr",4,enriched,price,négatif,neutre,absent,absent
en_0378474,en,"Beautiful colors

nice shirt for the price",5,enriched,price,positif,positif,absent,absent
en_0280467,en,"One Star

Product was not packaged well. It leaked all over and the cap was broken in pieces.",1,natural,none,négatif,absent,négatif,absent
en_0419339,en,"Tint was too dark

Nice little mirror but the tint was too dark for me makes it hard to see,returned for refund .",4,enriched,service,neutre,absent,absent,absent
en_0782609,en,"Great product

Great product for cold smoking or if your pellet grill needs just a tad bit more smoke! Would definitely recommend purchasing this item!!!",5,natural,none,positif,absent,absent,absent
en_0547550,en,"Really small

I felt like it wasn't really worth my money",2,enriched,price,négatif,négatif,absent,absent
fr_0394476,fr,"Ça peur aller

Plutôt pas mal mais les traces de doigts sont très visibles. Je pense qu'il est légèrement trop grand en largeur les touches des côtes sont difficile à avoir avec le tactil",3,natural,none,négatif,absent,absent,absent
fr_0003635,fr,"Boffff

Sa colle pas terrible mais bon pour le prix sa va",2,enriched,price,négatif,neutre,absent,absent
en_0677469,en,"Used product

This product supposed to be new but what I got was a used one, and it doesn’t work correctly. If I could give it zero “0” star, I'd do it. What I really want is my money back.",1,natural,none,négatif,absent,absent,absent
en_0959975,en,"shattered screen protector

The case is great, I absolutely love it. I purchased this case because it came with a tempered glass screen protector. The instructions say ""pull"" to get protector out of package. Upon doing so the entire thing shattered. So friggin bummed but it's a brand new phone and I'm not waiting another two weeks to return this one and receive a new one so I'll keep the case and order a new screen protector from another company.",1,natural,none,négatif,absent,absent,absent
fr_0484007,fr,"DVD ou cd

Reprise de chansons d'anciens albums alors que je m'attendais à un enregistrement type concert; néanmoins agréable de réentendre ce mix d'anciens tubes. Belle pochette, 3 beaux CD sur un support dépliant . Seul bémol l'affichage des titres sur la pochette correspond a chaque CD.",3,enriched,service,positif,absent,absent,absent
en_0449267,en,"Disappointing

This got a lot of buzz and the organization and story weaving was interesting but none of what they covered felt fresh or new and no strong conclusion offered.",3,natural,none,négatif,absent,absent,absent
en_0929515,en,"The feeling of the mouse

It is okay not the best but good enough and it's kind of small and just overall moderate",3,natural,none,neutre,absent,absent,absent
en_0028030,en,"They don’t all work

I ordered a rose pink one and it worked great so I ordered 2 more a black and a red one. The black one never charges. And the red only sometimes I don’t get it. Wish it was more consistent. I will be asking for a refund for the last 2.",1,enriched,service,négatif,absent,absent,absent
fr_0005615,fr,"Bien pour entraînement.

Bien mais quand on transpire des mains et que en retire les gants ils faut après ce laver les mains car ça salit les mains.",3,natural,none,négatif,absent,absent,absent
fr_0609461,fr,"bon rapport qualité prix

bon rapport qualité prix",4,natural,none,positif,positif,absent,absent
fr_0574221,fr,"Tabouret

Cote du fauteuil déchiré",2,natural,none,négatif,absent,absent,absent
fr_0098221,fr,"Chargeur e cigarette

Chargeur traditionnel, correspond bien à l'usage que l'on attend de lui, le prix est très Raisonnable... Livraison rapide et soigné.",5,natural,none,positif,positif,positif,absent
en_0631023,en,"Do not buy!

Love the look but not good quality. The 1st one I ordered arrived broken. Got a replacement and it only lasted about 2 months. The return period is closed and now I'm stuck with two pieces of marble. 😠",1,enriched,service,négatif,absent,négatif,absent
en_0884807,en,"Three Stars

It doesn't change color to say when it is full, but I think it works.",3,natural,none,neutre,absent,absent,absent
en_0545299,en,"Pig Dog Toy, by Kong

I've had this for about 2 weeks now and my dogs have not destroyed it yet.. Surprising.. I will for sure be buying more from this company. The dog toys are made really well.",5,natural,none,positif,absent,absent,absent
fr_0421362,fr,"n'a pas fonctionné longtemps : permet d'écouter mais plus de charger (faux contact)

usage très modéré, quelques fois par mois",2,natural,none,négatif,absent,absent,absent
en_0818261,en,"Wasn't very steady on my dog's head

It was too top heavy but I distracted her enough to take a picture lol. Love the fact it comes with numbers so you don't have to keep buying another crown for the year of the birthday.",4,natural,none,négatif,absent,absent,absent
fr_0070966,fr,"Fermeture pas pratique

J’ai dû renvoyer l’article car le fermoir du bracelet ne se clipsait pas. Je ne l’ai pas recommandé car le système de fermeture n’est pas pratique quand on est pressé. Dommage car la montre est bien jolie.",3,natural,none,négatif,absent,absent,absent
en_0170522,en,"Where are those darts I paid for?

Great dartboard but the description says it comes with darts. My order just arrived without any darts - order was incomplete.",3,enriched,delivery,positif,absent,négatif,absent
en_0434251,en,"Irresponsable and unresponsive seller

I haven’t even received it yet to write a review and it’s been a month! Sent an email through the link and the seller hasn’t contacted me yet and that was 2 weeks ago. Don’t buy from this seller. Irresponsible and thieves!",1,enriched,delivery,absent,absent,négatif,négatif
fr_0388641,fr,"Bon produit et bien concu pour des tv lourdes

Bon produit et robustes inclinaison verticale large mais aucune pour horizontal dommage S'est pour sa j enlève une étoile à la note",4,natural,none,positif,absent,absent,absent
en_0615602,en,"Bad, Bad, Bad Experience; Grounds Everywhere

Pros: water heats fast; that's it Cons: grounds go everywhere. I have at least 8 different brands of K-cups and, depending on the K-cup, the size of the mess ranged from absolute disaster with a lot of grounds in my coffee to significant inconvenience with only a few grounds in my coffee. Having never owned a K-cup type coffee maker, I thought this was normal. However, after spending an average of 10-20 minutes cleaning this thing up every time I made coffee, I had enough. Luckily it was just before the 30 days were up so I returned it for a full refund. I then got a K200 that has worked perfectly (the most cleanup I've ever had to do is wipe a drop of coffee off the counter). I'm soooooo much happier.",1,enriched,service,négatif,absent,négatif,absent
fr_0594199,fr,"Bien mais....

Le coffret est arrivé bien abîmé c’était pour un cadeau je suis très déçue ... De plus arrivé à la saison 3 des problèmes de lecteur de plusieurs dvd le dernier est intégralement illisible alors qu’il est neuf .....",2,natural,none,négatif,absent,négatif,absent
fr_0211618,fr,"bache sur pergola

oui elle est étanche contre un grain normal a condition quelle soit bien soutenue , exemple sur un pergola comme nous et oui elle résiste au mistral a 80km/h au dessus je pence qu'elle ne tiendrais pas le coup. oui elle filtre bien le soleil et oui elle résiste pour l'instant a la chaleur. Le prix et juste ce qu'il faut .",4,enriched,price,positif,absent,positif,absent
en_0817494,en,"Four Stars

Great storage place for hats.",4,natural,none,négatif,absent,positif,positif
fr_0333558,fr,"etiquettes

Arrivées rapidement par la poste - 2 lots. Jolies étiquettes. J'ai suivi les instructions mais dès le premier lavage (30°) les 2/3 des étiquettes se sont partiellement ou totalement détachées du support (linge de lit, appliquées sur la partie indiquant la composition, etc..). Dommage, retour au marquage traditionnel.",2,natural,none,positif,absent,positif,absent
en_0305923,en,"Difficult to Clean and Freezes in Winter

The idea is good, but the overall is just okay. The birds like to drink from the cup and it does automatically refill which is nice, but when the sand or debris gets in it, it isn't able to be detached and cleaned which makes it difficult to keep clean. In the winter, the water in my bucket stays above freezing, but the small tube freezes up and the mechanism inside does too so it doesn't work in the winter until you bring it inside at night. I'm looking for a different solution.",3,natural,none,négatif,absent,absent,absent
en_0031636,en,"It does make my skin soft and you see that ...

It does make my skin soft and you see that scrub but it’s dry and it gets my skin irritated",2,natural,none,négatif,absent,absent,absent
fr_0864997,fr,"super petit, et aucun confort

taille trop petite et mauvaises indications sur les tailles réelles... 1er article que je retourne sur le site... très déçu le soir en ouvrant le colis : aucune tenue du produit, le chien direct sur le sol sans aucune protection .... juste bon pour déposer un oiseau !!",2,enriched,delivery,négatif,absent,absent,absent
en_0403662,en,"Sexy skirt, zipper needs help

Would have given 5 stars, but the nylon zipper keeps getting stuck and is difficult to get it past the waist band. Otherwise and excellent value.",4,enriched,price,positif,absent,positif,positif
fr_0496842,fr,"Je recommande

Super très fonctionne sans problèmes livresion rapide",4,natural,none,positif,absent,positif,absent
en_0277923,en,"LED light that lasted less than a month

The light bulb lasted less than a month. VERY poor quality.",1,natural,none,négatif,absent,absent,absent
fr_0308271,fr,"Qualité plus que moyenne

Dommage, le kit est arrivé avec une boîte cassée, donc les perles étaient mélangées. Et on voit bien que ce sont des imitations Aquabeads. Le rendu est moins beau, les perles laissent plus de couleurs au séchage...",2,natural,none,négatif,absent,négatif,absent
fr_0329205,fr,"Attache trop fragile

Cette lampe souffre d'un gros défaut de fabrication au niveau de l'attache. Celle-ci se casse rapidement (moins de 6 mois) malgré un usage normal. Plusieurs amis ont rencontré le même problème. Et le vendeur refuse d'appliquer la garantie. Et aucun moyen de réparer.",1,enriched,service,négatif,absent,absent,négatif
en_0591395,en,"If you like a fast coffee filter (I

If you like a fast coffee filter (I, like most, prefer a slow one) then this might be for you. Faster = a weaker cup of coffee, obviously. So you either use more coffee (expensive) or settle for less than what you want (disappointing). Either way, you lose.",2,enriched,price,négatif,négatif,absent,absent
en_0349010,en,"Keto Vegetarian

This book could be a fountain of knowledge important to your health. This book is a game changer for those curious about attempting a replacement sort of ingestion. It's a fast browse and extremely informative.",5,enriched,service,absent,absent,absent,absent
fr_0301877,fr,"Bien mais chère

Ma fille en voulait depuis longtemps! Chère pour des marqueurs mais ils fonctionnent très bien et les couleurs sont sympa",4,natural,none,négatif,négatif,absent,absent
en_0930323,en,"Snug

Arrived feeling damp and had a weird smell almost fishy. Fits snugger then I wanted it too even though I ordered the 4x and I normally wear a 24-26 depending on fit. Washing the item now so I hope it washes well.",2,enriched,delivery,négatif,absent,neutre,absent
en_0285352,en,"Not good for iPhones

Only used it for 3 days. Every time I plug my phone it says it’s not compatible with this device.",3,natural,none,négatif,absent,absent,absent
fr_0236686,fr,"Ma commande

Sur les trois il y en avait un de percer donc vide je ne sais pas si sa vient de vous ou du transporteur",1,natural,none,absent,absent,négatif,absent
fr_0927170,fr,"Les embouts d'aiguille se tordent facilement

Beaucoup de jeu dans le pousse aiguille",3,natural,none,négatif,absent,négatif,absent
en_0947689,en,"Not worth it.

So flimsy you cannot even use it. Also took so long to arrive. Wish I could return it but it’s too late.",1,enriched,service,négatif,absent,négatif,absent
en_0215525,en,"Quality

Awful Too expensive for a piece of paper",1,enriched,price,négatif,négatif,absent,absent
fr_0117104,fr,"Meilleurs Rapports Qualité Prix

Matériel de très belle qualité également un son de qualité avec des basses présentes",5,enriched,price,positif,positif,absent,absent
fr_0997520,fr,"Retour du trottinette

Bjr j'ai déjà acheté cette trottinette electrique mais malheureusement je l'ai essayé et elle ne dépasse pas 13 km/h comme vitesse contrairement a se qu'ils sont indiqués 30 km/h c sa seulement le problème",2,enriched,service,négatif,absent,absent,absent
en_0410008,en,"Not bad

These work well for if you don’t have a lid for an item, but they have some room for improvement. They didn’t stay as snug as I would have liked, and if a container were to tip it might leak somewhat.",4,natural,none,négatif,absent,absent,absent
fr_0765336,fr,"pas de problèmes

articles livrés conformes à ceux commandés, sans casse à l'arrivée et sans dysfonctionnement à l'installation",4,enriched,delivery,positif,absent,positif,absent
fr_0963182,fr,"commande non reçu

bonjour: je vous signale que je n'ais pas reçu ma commande , d’après votre message, le colis a bien était livré chez moi , vous pouvais savoir ou est donc passer mon colis , merci",1,natural,none,absent,absent,négatif,absent
fr_0786798,fr,"Livraison

Malheuresement, mais il n'ya pas encore un livraison! Je ne sais pais cet qaund J'espere cet bientôt a la fin",1,natural,none,absent,absent,négatif,absent
fr_0273963,fr,"reponse a la reception

je vous trouve cher pas rapport au commerce je m attendais a mieux vu la description. Pas tres contente.",2,enriched,price,négatif,négatif,absent,absent
en_0595872,en,"... wish the sleeves were a little longer but not bad for the price

I wish the sleeves were a little longer but not bad for the price.",3,enriched,price,neutre,positif,absent,absent
fr_0771684,fr,"Pas reçu le colis à ce jour délai pourtant dépassé

Le colis n’a pas été reçu alors qu’il était prévu au Maximum hier il n’est pas arrivé à destination chez moi",1,enriched,delivery,absent,absent,négatif,absent
fr_0614356,fr,"Je suis excité avec ces

Cela m'a donné envie d'essayer plus de styles créatifs sur mes cheveux. Je suis excité avec ceux-ci et je fais toujours de nouveaux styles dans la salle de bain.",4,natural,none,absent,absent,absent,absent
en_0403857,en,"Great dance shoes

Great dance shoes. Quality was good, these ran a tad larger than expected. The width is a little wide. Overall, worked for my daughter who has a growing foot. Price was great and fast delivery.",4,enriched,price,positif,positif,positif,absent
fr_0807981,fr,"Livré sans bouchon et pas plus efficace qu'une laque classique pour cheveux

Le flacon a été livré sans bouchon ! Des laques à cheveux font aussi bien l'affaire et coutent largement moins cher. Je n'ai pas trouvé de différence marquante même pour du ABS.",1,enriched,delivery,négatif,négatif,négatif,absent
en_0777570,en,"Won't hold a charge

I've had this phone a little over a month and all of a sudden it just stopped holding a charge. It will charge to 100% and then as soon as I unplug it, it dies and won't turn back on until I charge it completely again. I can't even use it. Waste of money.",1,natural,none,négatif,absent,absent,absent
fr_0605420,fr,"Norton adore!!!

Parfait pour mon terre neuve. Aliment très complet, digestion impeccable, je continue encore 2mois puis je passe sans hésitation au junior!!!",5,natural,none,positif,absent,absent,absent
fr_0483517,fr,"vraiment nul

a peine utiliser ils ce sont tout casser très mauvais achat malgré leurs petit prix je regrette sincèrement sa mérite un remboursement",2,enriched,price,négatif,positif,absent,absent
en_0340059,en,"Looks and works great - questionable durability

What can I say... it's a soap dispenser. It fits great in my daughter's pineapple-themed bathroom. It looks nice, and the soap dispensing works as expected. Why only 3 stars? One of the plastic ""leaves"" on the top of the dispenser was broken right out of the package. We just kind of put that part toward the back, and it didn't seem worth sending it back over, but it was disappointing regardless.",3,enriched,delivery,positif,absent,négatif,absent
en_0452224,en,"Was mailed empty box so be careful!

I love this bra it works very well and is supportive and long lasting. I’ve ordered it many times. However, when I re ordered I was mailed an empty box and I’m now stuck with the cost of 2 bras I never received. So be weary.....",1,natural,none,positif,absent,négatif,absent
fr_0680540,fr,"Bien pour petits

Bien pour enfants petits. Par contre pas beaucoup de pages mais bon pour le prix ça va. Papier de bonne qualité.",5,enriched,price,positif,positif,absent,absent
en_0958343,en,"it works!

Works as well as the original stylus. and this one has not (yet) gotten lost.",5,natural,none,positif,absent,absent,absent
en_0095348,en,"Amazing customer service

While the product didn’t work for me, the customer service that I received was nothing short of AMAZING. The team is based out of the Asia area, but even through the vast time zone differences, they were very responsive and worked with me through the setup. The watch worked in certain areas, but in my house and along my street, there were so many deadzones that it just didn’t serve the purpose that I was hoping it would serve. I’d highly recommend the team behind the company! Try the watch out in your own area and maybe it’ll work better for you!",4,enriched,delivery,négatif,absent,absent,positif
en_0847675,en,"You shipped it where??? I don’t live in that state!

I never received these items, the seller shipped it to PA. I live in Arkansas, I sent 3 emails asking her for assistance and no response. Finally contacted amazon and they refunded money.",1,enriched,service,négatif,absent,négatif,négatif
en_0063128,en,"I don’t like the controls

The iron does it’s job. I don’t like the controls. Hard to see the settings. I wouldn’t buy it again because of that. Cord return works well so far.",3,enriched,service,négatif,absent,absent,absent
en_0278959,en,"Comfortable soles, but the straps...not so much.

The right foot strap was bent and folded significantly over to the left (much more than the picture shows - picture taken after two weeks of use) causing my right foot to hang over the inside edge of the sole, sometimes touching the ground. I thought I could bend it back with use and placing heavy books on it each night and it’s slowly coming back to center. It was pretty uncomfortable walking like that at first, and I would’ve returned them the first day if I knew it’d take this long for the strap to get back to normal. Other than that, the price was good and the sandals look alright.",3,enriched,price,négatif,positif,absent,absent
fr_0737001,fr,"Idée cadeau au top

Cadeau offert à ma tante. Elle l’adore, agent immobilier elle sort et rentre beaucoup de sa voiture et l’ouverture inversée est géniale pour cette fonction. Elle reste au sec même assise au volant",4,natural,none,positif,absent,absent,absent
en_0939447,en,"Cool idea

Kinda cool for.the price Got 3 and gave them as gifts.",5,enriched,price,positif,positif,absent,absent
en_0755346,en,"One Star

Horrible quality. Copy of a picture, not a poster. Extremely disappointed in purchase.",1,natural,none,négatif,absent,absent,absent
fr_0231553,fr,"Non reçu

Article jamais reçu, remboursement rapide",1,natural,none,absent,absent,négatif,positif
fr_0057470,fr,"Adapté

Simple et facile de programmation et d utilisation",4,natural,none,positif,absent,absent,absent
en_0612138,en,"Three Stars

product not bright enough",3,natural,none,négatif,absent,absent,absent
fr_0627378,fr,"Je n'ai pas reçu le produit

Je suis désolé, je n'ai pas reçu le produit, de plus le paiement a été traité sans que je clique sur confirmer, j'ai également demandé à l'annuler mais cela ne s'est pas produit. Je ne m'attendais pas à cela d'Amazon, s'il vous plaît rembourser mon argent.",1,natural,none,absent,absent,négatif,négatif
fr_0782253,fr,"Vraiment très déçu

Vous vous douchez tous à l'eau froide ? Première utilisation et après 10s d'eau chaude, la buée apparaît..aussi efficace qu'un miroir à 5€. Je mets une étoile car la ventouse est vraiment très solide ainsi que son bras orientable.",1,natural,none,négatif,négatif,absent,absent
en_0479295,en,"Not good...sorry...no difference no good result.

Not like it... I don't see any difference",2,natural,none,négatif,absent,absent,absent
fr_0641460,fr,"cliveuse jetable

a fonctionné convenablement 2 mois, puis ressort sous le capot qui s'est barré, et j'ai cassé le vis de support a l'interieur (juste en vissant) en voulant le remettre, du coup poubelle",2,enriched,service,négatif,absent,absent,absent
fr_0290031,fr,"Ne fonctionne pas

Après démontage, j'ai due refaire toutes les soudures au niveau du boîtier de pile, deux fils n'étaient pas soudés du tout. J'ai un autre problème au niveau de l'interrupteur qui fonctionne de temps en temps mais je n'arrive pas à l'opérer ... à fuir ... J'ai deux autre modèles identiques mais bleus qui ne me posent aucun problème. Je rajoute une étoile (ce qui fait 2) car le vendeur me propose une nouvelle lampe, la suite à la réception.",2,enriched,service,négatif,absent,absent,positif
en_0788120,en,"not reliable

Neat concept. We wanted them for halloween decorations, but almost every night we had to re-set all the lights because they wouldn't go back to the color they were last set to. They also don't actually sync to music so don't expect that to actually happen. for the price I would say wait a couple years for them to actually make this technology work.",2,natural,none,négatif,négatif,absent,absent
en_0402722,en,"It Collapsed. A Frightening Experience.

I purchased this last year and it is out of warranty. The plastic connectors to the support (legs) broke away from the seat and the bench collapsed in my shower. I fell flat on the floor of the shower with the remains of the seat and legs under me. Fortunately I don't think I was hurt badly but I am elderly and it took nearly 40 minutes to get up. Plastic stress? I don't know but it was a frightening experience.",1,enriched,service,négatif,absent,absent,absent
fr_0903386,fr,"article conforme à ma commande

A part un petit retard d'une journée dans la livraison, pour lequel Amazon s'est excusé, je suis très satisfaite de l'article commandé, qui répond à mes attentes, et l'emballage était très bien.",4,enriched,delivery,positif,absent,négatif,positif
en_0872169,en,"Front coverage was good, but back held together with only two hooks

Front coverage was good, but back held together with only two hooks. Disappointed there were not three hooks to support front from sagging. Will continue search to find a bra that supports and covers both front and back, and relieves shoulder strap pressure.",3,enriched,service,négatif,absent,absent,absent
fr_0178518,fr,"Recu rapidement mais ...

Reçu très rapidement, mais depuis qu il est installé sur mon écran, c est un vrai calvaire pour utiliser le tactile / écrire!",2,enriched,delivery,négatif,absent,positif,absent
fr_0363655,fr,"Bon produit.

Je suis contente de cet achat. Bon produit.",4,natural,none,positif,absent,absent,absent
fr_0926288,fr,"Conforme

Livraison rapide produit conforme rigide solide. Je mets 4 étoiles car les boites ont une forte odeur de renfermé mais cela disparaît au bout de quelques jours si vous les laissez à l air libre",4,natural,none,positif,absent,positif,absent
fr_0116072,fr,"Éléments abimés !

Lors de la livraison, un colis était abîmé et du corps quelques pièces du meubles étaient tordus,pliés . Pas satisfait du résultat",1,enriched,delivery,négatif,absent,négatif,absent
en_0495632,en,"like I said he wears them Everyday and they have ...

Sooo my husband wears these every day for work And they are great- however last time we ordered we literally received an unsealed envelop with nothing in it.. that said we called Amazon and they refunded us and told us to order again.. pain In the bottom but, like I said he wears them Everyday and they have been great.",3,enriched,delivery,positif,absent,négatif,positif
fr_0219931,fr,"Très beau

Reçu avec un coup sur le devant. Sinon très beau, très facile à monter.",4,enriched,delivery,positif,absent,négatif,absent
en_0181854,en,"compost bags

These bags serve my purpose pretty well, I don't have much compost so by the end of the week the bag itself tends to decompose and leak sometimes but I line my container with another plastic bag to catch anything that might leak out.",3,natural,none,neutre,absent,absent,absent
en_0078435,en,"Cheaply made

Cheaply made with cardboard and lightweight craft wood. The knobs are a major hazard for little ones. Regret the purchase.",1,natural,none,négatif,absent,absent,absent
fr_0793515,fr,"Mauvaise qualité du silicone

La partie en silicone qui englobe le téléphone est complètement déformé et ne protège pas le téléphone... renvoi à Amazon",1,natural,none,négatif,absent,absent,absent
fr_0149936,fr,"Hygromètre à l'ouest !

Les mesures de l'hygromètre étaient pas cohérentes 20 %. D'où le retour",1,enriched,service,négatif,absent,absent,absent
fr_0628407,fr,"Bon parfum

cela sente bon mais solidifie très vite donc vous pouvez pas bien vous coiffer !",2,natural,none,négatif,absent,absent,absent
en_0660703,en,"Solid and heavy-duty

There’s a little bit of play in the finished product, so be prepared to reset the hammock a few times. Very sturdy, though.",4,natural,none,positif,absent,absent,absent
fr_0059149,fr,"Probleme d'écran rayé récurent

2ème commande de ce modèle, mais l'écran est rempli de micro-rayures. Même problème que pour la première commande : un sachet de protection est dans le carton, mais le lecteur est à côté en vrac. Problème dû au vendeur et non à l'expédition d'Amazon",1,enriched,service,négatif,absent,absent,négatif
en_0737382,en,"fits fine, we'll see if it holds up in field

Just received it and the case looks clean and fits my iPhone 8 fine. I ordered a ""used"" case but it looks unused to me. I work in the forest and will get it battle tested soon enough - and then come back with pics if I see issues. If you can order a used one, save the ten bucks and do it. I do wish it had a flap for the lightening port to keep debris out. I may rig something up for that myself.",3,enriched,delivery,positif,positif,absent,absent
en_0985321,en,"I love the product

I love the product. I hope the packaging will improve though... it seems to be resealable, but not really.... it doesn't work well once it is open.",4,natural,none,positif,absent,absent,absent
en_0894760,en,"Great price and quality

Lots of compliments and questions on where I purchased it from and other available colors..Love my color selection..Great Quality ❤️",5,enriched,price,positif,absent,absent,absent
en_0779921,en,"never received, was told they did not clear customs

never received, was told they did not clear customs",1,enriched,delivery,absent,absent,négatif,absent
en_0626106,en,"You get what you paid for

This case was great looking. It displays the back of the iPhone beautifully. I loved the metallic red trim. Fits my phone nice and snug. Here is the issues that I had. The trims paint chips off too easy. Its been a month and the beautiful red trim is now a chipped red trim. Second, the case is SUPER slippery. Unless you have a pop socket or something, do not lay in bed with the phone above your face. The phone has slipped and hit me on the nose a couple of times. Its a great temporary case",3,natural,none,négatif,neutre,absent,absent
en_0830052,en,"Fits snug, thin design with slight texture grip as advertised.

I bought two of these cases because they were so cheap and feeling from the reviews I read ahead that they'd have the right feel. Sure enough they came and were stiff but at enough flexibility to pop off easily (I use the space between case and phone to store my transit card). Works perfect ...only thing is sometimes I pop the card in the position of the finger sensor and often have to slide it out of the way to unlock the phone...but that's not the cases fault (silly finger placement can't wait until they go to in screen sensors). Note on color, I bought the black and a red case...but the red case quickly picked up indigo from my designer jeans which I've had to already clean off...again , not the cases fault but if you tend to wear designer jeans this may assert it self if you plan on buying the lighter colored cases and often slip your phone into your pants pockets. Anyway...great case.",5,enriched,price,positif,positif,absent,absent
en_0638900,en,"Four Stars

These have helped me make it through my 3 hour workouts",4,natural,none,positif,absent,absent,absent
en_0185218,en,"This is for kids!!!!!

Would have been perfect except for they are super tiny!! Bought for my hubby and they look child size. Did not work for him or myself. Very small. Very disappointed.",1,natural,none,négatif,absent,absent,absent
en_0553574,en,"Awesome products

Great deal fast service",5,natural,none,absent,absent,absent,positif
fr_0450709,fr,"Epil caresse

J'ai l'impression qu'ils usent plus vite que lorsque j'ai acheté cel a chez une indépendante et aussi le prix est relativement élevé je trouve aussi alors que on ne sait utilisé que une pastille deux-trois fois.",2,enriched,price,négatif,négatif,absent,absent
en_0559785,en,"Hurt my foot

Not quite the arch support I was hoping for. Definitely a higher arch than most sandals/flip flops give but not quite as high as I hoped for. My right ankle and foot have been hurting a lot more after wearing these. It actually seems I am more in pain than I was before. I was hoping for the arch support I need for my plantar fasciitis that I heard Vionic was known for and in a sandal/flip flop for the summer. I have to wear specific arch support sneakers all the time for this but wanted something different for the summer. These are quite hard and uncomfortable. Disappointed with the quality and comfort of these shoes considering the high price/cost.",3,enriched,price,négatif,absent,absent,absent
fr_0082256,fr,"mon fils est ravi !!!

acheté comme cadeau d'anniversaire..belle maquette, dommage que le prix fasse le yoyo...et qu'il soit plus cher que les autres Revell Build and play de Star Wars",4,enriched,price,positif,négatif,absent,absent
en_0201337,en,"Five Stars

quality product, quick shipping",5,enriched,delivery,positif,absent,positif,absent
fr_0818190,fr,"Avis mitige

Livraison ok par contre très vite les noeuds se défont et même en les refaisant cela ne tient pas...dommage car beau bracelet....😕",2,natural,none,négatif,absent,positif,absent
en_0829081,en,"Toy won't turn on.

Received the item in 2 days with prime membership. However we were not able to use the toy because batteries where dead or item will not turn on. Haven't got batteries too check toy yet.",2,natural,none,négatif,absent,positif,absent
fr_0921557,fr,"Bon produit mais attention a l'emballage

Produit reçu dans les temps mais dans un sac referme au scotch et en vrac dans un carton !! J'ai vérifié qu'il n'avait pas déjà été utilise et apparemment non donc j'ai garde selle. Produit agréable a l'usage. Je fais 100kgs et 40kms par jour route et chemin",3,enriched,delivery,positif,absent,positif,absent
en_0610486,en,"EASY TO LOSE

PARTS ARE NOT VERY DURABLE. EASY TO LOSE.",3,natural,none,négatif,absent,absent,absent
en_0276717,en,"Love this song!

Imagine Dragons got it going on!",5,natural,none,absent,absent,absent,absent
fr_0959614,fr,"Bof

Reçu endommagé. Mauvaise qualite.",1,enriched,delivery,négatif,absent,négatif,absent
fr_0908129,fr,"Déçue

Maintien au pied moyen",3,natural,none,négatif,absent,absent,absent
en_0379756,en,"Garbage...Worst product ever...

Avoid! Worst thing ever!!!... My coworker and I both bought one at the same time. His lasted 2 weeks longer then mine. Both failed the same way. All lights and buzzers constantly going off. And the display is useless. Buy something that cost more and last more then a week.",1,natural,none,négatif,absent,absent,absent
en_0072830,en,"Easily adjustable

This is adjustable to fit many angels, heights and spaces. The mechanism used to hold the table in place is very durable and high quality. It is easy to adjust where needed and is easy to lock into place. This is an excellent value for the price paid. When my keyboard and mouse are on it together it allows for easy movement. Definitely better than the arm of the recliner chair.",4,natural,none,positif,positif,absent,absent
fr_0978272,fr,"produit très moyen

Aucune notice dans la boîte, mal emballée, un bon sac -- grand et facile à utiliser. Mais le support est en-dessous des attentes, car pas facile à manipuler, ne supportera sûrement la charge annoncée ( 28 kg). Et surtout les roues ne sont pas vraiment adaptées pour rouler à l'extérieur. Je me retrouve à pencher le chariot pour qu'il se mette sur deux grandes roues, car autrement il est difficile d'avancer avec. La poignée est trop basse, ce qui occasionne des douleurs aux mains.",3,enriched,service,négatif,absent,négatif,absent
fr_0988350,fr,"CD

le cd refuse d’être reconnu sous Windows .... j'ai chargé le dit logiciel sur le site, et là c'est bien sur la clé windows qui n'est pas reconnue ...que faire ?(sur mon Mac cela fonctionne, mais je le veux sur mon pc",1,natural,none,négatif,absent,absent,absent
en_0024596,en,"Only 59 in a gallon ziplock bag??

Weird packaging!! Why 59 pops in a gallon ziplock bag? Last time I ordered 60 chocolate tootsie pops they arrived in 2 separate factory sealed bags!",1,enriched,delivery,neutre,absent,absent,absent
fr_0304468,fr,"Beau rendu

On a acheté ces carreaux de ciment pour relooker notre console. Après avoir reçu le mauvais modèle(merci au vendeur pour sa réactivité) nous avons enfin pu poser notre ""carrelage"". Le rendu est superbe facile à poser. On en est super content",4,enriched,delivery,positif,absent,absent,positif
en_0976004,en,"Three Stars

plastic was pretty cheap and torn easy",3,natural,none,négatif,absent,absent,absent
fr_0270161,fr,"C’est juste un papier sulfurisé

Je ne conseille personne de l’acheter",1,natural,none,négatif,absent,absent,absent
en_0058996,en,"Best TPU case for this tablet

First of all, know that this doesn't allow the tablet to cool as well, so it does increase the chance of overheating, which I've experienced. That's an issue with all cases, but I wanted to note it so someone doesn't blame the product when they should know better. Now you do! This installs easily, and fits tight. Everything that needs a hole has it. There's a small lip around the bezel, but I haven't seen anything else with a shorter lip. In this regard, this case is the best available. There's a bit of flash around the edges where the molds come together, so it's not visually perfect, however this does not affect functionality, and I can only feel it if I try. Altogether this performs great for the money.",5,natural,none,positif,absent,absent,absent
en_0233047,en,"Worthless

This kit is worthless. With no instructions, no documentation, I can't find anything on the Internet on how to use it. I tried replacing a button with it, nothing holding in place, no results at all, this is cheap junk. I advise to not buy this item, thank you",1,natural,none,négatif,négatif,absent,absent
fr_0856891,fr,"Pratique

Couvercle extensible qui s’adapte facilement sur des saladiers ou autres. Je l’ai trouvé très pratique pour le pique-nique. Contente de mon achat",5,natural,none,positif,absent,absent,absent
en_0782165,en,"received in good condition

Used for our school supply give away. They write very good",5,enriched,delivery,positif,absent,neutre,absent
en_0940942,en,"Usually alike their products but....

Had an soapy after taste. Amazon would no return.",2,enriched,service,positif,absent,absent,absent
en_0221686,en,"Medium is very small

Medium is much too small for my 45 lb border collie. Descriptions and other reviews led me to believe the right size to order. Cannot find a return option for this item.",3,enriched,service,négatif,absent,absent,absent
fr_0622297,fr,"Pas d'occultation à 80%

Prévoir de le doubler ! Ça n'occulte pas 80% La qualité reste convenable pour le prix mais à voir dans le temps Ça reste du premier prix!",3,enriched,price,neutre,négatif,absent,absent
fr_0816311,fr,"Colis non réceptionné

Produit annoncé livre le 11 octobre nous sommes le 14 et je ne sais pas ou est le colis je n ai rien reçu",1,enriched,delivery,absent,absent,négatif,absent
en_0374359,en,"These were as expected

Simple clothespins were as expected and are performing to expectations.",4,natural,none,positif,absent,absent,absent
fr_0117803,fr,"beau bouchon mais retour très cher

J'avais acheté ce bouchon pour aller sur une gourde klean kanteen que j'avais commandée en même temps. Gourde que je n'ai jamais reçue mais qui m'est remboursée. J'ai voulu retourner ce bouchon mais le retour me coûte plus cher. Donc, je l'ai gardé.",5,enriched,service,positif,absent,négatif,absent
fr_0337930,fr,"La qualité des produits commandes

Ce produit remplit tout à fait bien son rôle et me satisfait merci au vendeur",5,natural,none,positif,absent,absent,absent
en_0247107,en,"Terrible product and terrible service.

I ordered an open box item and received a defective item. The screw holes were off center causing the top plate to not bolt onto the poles properly. Obviously the first person who bought this item sent it back for the same reason but they still sent it to me. I returned it immediately but supposedly they never received it. So now I have no stands and was never issued a refund.",1,enriched,service,négatif,absent,négatif,négatif
en_0949918,en,"It works. Comfortable and soothing.

I am an IT person and sit in front of a PC/laptop for long hours throughout the day. My eyes get fatigued, tired and watery. Discomfort in my eyes ends up with a bad headache most of the times. I needed something like this. The warmth that this mask provides to the eyes is soothing and relaxing. It is long lasting. It doesn't get irritating and uncomfortable at any point. I put this mask on and had a 30-minute power nap. Woke up feeling better and relaxed. I am happy with this product. The only reason I ended up giving 4 stars is the very feeble ear lobe string. It appears as if it will break and needs to be put on with extra care, but it's worth it. I recommend this product.",4,natural,none,positif,absent,absent,absent
en_0194990,en,"Three Stars

I believe the magnet needs to be stronger for the full effect.",3,natural,none,négatif,absent,absent,absent
fr_0624336,fr,"Déçu

3 tout simplement que votre prix est même plus cher qu'à la FNAC, alors que je suis un client fidèle. Aucune réduction ne m'a été accordée. Je pense que je ne commanderai plus chez vous. Logiquement, votre prix doit tenir compte de moins de frais par rapport au magasin.",3,enriched,price,absent,négatif,absent,négatif
fr_0612434,fr,"Fiable

Produit fiable et de bonne qualité avec un design sympa. Très pratique et simple",5,natural,none,positif,absent,absent,absent
fr_0820800,fr,"Belle table

Nous sommes satisfait de notre achat. La table est très élégante et les clous noirs donnent un bel effet. Elle est facile a monter. Nous avons décider d'y ajouter un vernis incolore pour la protéger car les enfants colorient souvent sur la petite table. La seule chose qui nous a déçu c'est que le plateau marque très vite ( rayure, impact rapide du a la chute d'un objet dessus) A eviter si l'on a des enfants en bas âge qui jettent leur jouets dessus ou a protéger. Cela n'enlève en rien son superbe design pour un prix extra ( 60 euros) Je ne regrette pas mon achat reçu tres rapidement",4,natural,none,négatif,positif,positif,absent
en_0838124,en,"Quality?

Music of course is awesome,but half way through the first CD, it stops playing 3 songs.",2,natural,none,négatif,absent,absent,absent
fr_0524459,fr,"je l'adopte!!

Bonjour, C'est la 1ère fois que j'utilise un shampoing solide et ce qui m'a fait l'acheter est qu'il est 100% naturel. J'ai les cheveux crépus, Il ne me les rend pas sec après utilisation et il mousse bien. Mes cheveux sont propre et doux. je l'adopte et le rachèterai.",5,natural,none,positif,absent,absent,absent
en_0222156,en,"Damaged products.

Unfortunately I did not open until May 23 and five cans were crushed and useable. It was my fault in not checking sooner",3,natural,none,négatif,absent,négatif,absent
en_0344369,en,"I am very happy with your service.

The package of connectors arrived on time and complete. The product is exactly as ordered. My grandson and I will use them in building and flying RC aircraft. Would it be possible for you to e-mail your catalog to me?",5,enriched,delivery,absent,absent,positif,positif
fr_0215744,fr,"Bonne qualité

Pour la décoration de la chambre de mon fils",5,natural,none,positif,absent,absent,absent
en_0921069,en,"pretty good, but i still prefer the cheap, round sponge

I didn't like these as much as I thought I would. I actually prefer the cheap round sponge because I can manipulate those more easily than these fancy sponges. All in all, they're OK.",3,enriched,price,neutre,absent,absent,absent
fr_0132532,fr,"Fonctionnel

Compatible - fonctionnel",4,natural,none,positif,absent,absent,absent
fr_0973645,fr,"Rapport qualité prix ok mais c'est tout

Pas des plus confortable ni des plus facile a fixer... il ne faut pas etre trop exigeant avec ce genre de produit. Pour une baignoire petite, je ne le recommanderais pas, les ventouses n'adherent pas vraiment, et il est très raide pour un ""coussin"".",2,natural,none,négatif,positif,absent,absent
fr_0445186,fr,"Voilées

Belles boîtes de mêmes tailles, mais pour les livrer imbriquées les unes dans les autres. À l'arrivée elles sont toutes voilées.",2,natural,none,négatif,absent,négatif,absent
en_0554538,en,"Cute but didn't last

Broke easily but cute",3,natural,none,négatif,absent,absent,absent
en_0134102,en,"See through because of how things they are

You can see through them they are so thin.",2,natural,none,positif,absent,absent,absent
en_0443418,en,"It charges my phone properly.

So far this charge cable has worked for me charging my Essential PH-1 and has survived being pulled off of my desk more than a few times. While USB-C ports and connectors are stronger than micro-B, this cable still seems to be above average. I don't have any USB-C ports on my computers so I haven't been able to test data transfer though.",5,natural,none,positif,absent,absent,absent
fr_0056800,fr,"très bien

Très bien, aide aussi à composer des musiques.",4,natural,none,positif,absent,absent,absent
en_0801397,en,"great

Great book, great lifestyle change for a lifetime of energy, health, and overall mood.",5,natural,none,positif,absent,absent,absent
en_0008727,en,"The person making the delivery lied

There is nothing wrong with the product. It is fine. But I am so done with having the carriers write that they handed me the package that I am going to leave 1 star reviews and hope that AMAZON and the retailers work on this. Why is it important? Porch thieves or deliveries to the wrong house. How can I say I didn't get the package when the documentation says it was put in my hands.",1,enriched,delivery,positif,absent,négatif,absent
fr_0459168,fr,"Recevoir le produit commandé C'est irremplaçable comme experience

J aurais bien aimé l utiliser mais je ne l ai jamais reçu( du moins jamais dans ma boite aux lettres) Les livreurs "" balancent les colis au pif"" dommage que je n ai pas pu bénéficier du ""pif de la logistique"" 25 euros gaspillé merci Amazon",1,enriched,price,absent,négatif,négatif,absent
en_0576664,en,"Three defective units, waiting on my fourth.

In September of 2017 I purchased my first Epson 2150 home projector. That projectors to work.. Being under warrant, the factory replaced it. Then, that replacement also failed. Shortly after receiving and installing the second replacement projector, it’s lamp also failed. Now on October 15th 2018, they are shipping my fourth unit. All three had bulbs that failed to light up after a minimum of five to ten hours service. Epson has confirmed I have received defective units an offers there apologies. I asked to pay extra to upgrade, but was told it was not an option. They will continue to replace them until that model is discontinued. I hope my fourth unit is better than the first three.",1,enriched,delivery,négatif,absent,absent,absent
en_0169844,en,"Good price and fast shipping

I have been buying these wee wee pads thru Amazon for over a year. Can’t beat the price and delivery speed.",5,natural,none,absent,positif,positif,absent
en_0157515,en,"Good components bad game

Confusing. Good quality game but actually game was lacking in quality.",2,natural,none,négatif,absent,absent,absent
en_0176269,en,"Three Stars

Not strong enough took 3 days to fill up",3,natural,none,absent,absent,négatif,absent
en_0859921,en,"Not packed well; arrived damaged

Was not packed adequately and arrived with corners scuffed and joints broken. It's a shame, because otherwise it is what I wanted and it arrived faster than promised. I've requested a replacement and will update.",2,enriched,service,positif,absent,positif,absent
fr_0313395,fr,"commande reçu

bien reçu très rapidement. Très bien emballé. Mon fils est ravi et attend avec impatience les autres qui sont signalés quand même rapidement. Merci",5,natural,none,absent,absent,négatif,absent
en_0177574,en,"Bottle was delivered almost empty

Less than half full...Bottle arrived with most of the bottle empty.",1,enriched,delivery,absent,absent,positif,positif
fr_0338787,fr,"FAUX CONTACT

La connection de ce cable est moyenne. FAUX CONTACT",2,enriched,service,négatif,absent,absent,absent
en_0864073,en,"Five Stars

Nice cabinet and replacement arrived super fast, thanks",5,enriched,delivery,positif,absent,positif,absent
fr_0886096,fr,"Arnaque !!!!

L'article commandé neuf a été livré dans les délais mais il s'agît d'un article d'occasion. J'ai demandé le remboursement et depuis deux mois j'attends toujours !! Inadmissible !!!",1,enriched,service,négatif,absent,absent,négatif
en_0938382,en,"Unraveling stitching on the first day

These slippers are really comfy and cute, especially for the price! But, the stitching on the instep of the pair I received started unraveling about two minutes after I put them on for the first time. It doesn't seem to affect the actual construction of the slipper, I think that contrast stitching is just cosmetic, but, it was annoying to have to trim so the whole line doesn't pull out. Bottom line: cute slipper, crappy construction.",3,enriched,delivery,négatif,positif,absent,absent
fr_0688725,fr,"Confort dans ma cuisine

La livraison na pas etais fait au domicile ; j' ai du aller le récupérer moi-même !je tiens a précisé que ce n est pas la première fois !! a quoi sa sert que nous la payons? surtout quand vous êtes mal voyante !...produit bien emballer , propre ,beau produit belle couleur conforme à la description. Je suis ravie tout de même de mon achat.",4,enriched,delivery,positif,absent,négatif,absent
en_0653262,en,"i’ve used them at the office and home and nothing is better than seeing the confusion and laughter when someone would ...

these stickers are hilarious. i actually bought these as a holiday white elephant gift and ended up keeping them for myself! i’ve used them at the office and home and nothing is better than seeing the confusion and laughter when someone would actually follow the sticker directions. stickers are high quality, stick really well but are easy to remove when you have to. left no residue behind which is great. i highly recommend, it’s beem endless fun!",5,natural,none,positif,absent,absent,absent
fr_0545579,fr,"qualité mauvaise

je suis déçu pour ma part certes je n'ai payé très chère mais je trouve qu'au niveau de la qualité ça ne tien pas . Pour dépanner seulement !!!",2,enriched,price,négatif,neutre,absent,absent
fr_0486616,fr,"reçu le jour même impeccable

très beau carnet, conforme, reçu très rapidement et dans une belle boite. Trois sortes de feuillets, des pochettes transparentes. taille petit mais j'avais été prévenue par les autres commentaires clients. et la taille est parfaite pour transporter dans un sac à main. Le cuir semble marquer très vite, c'est mon seul bémol. A voir à l'utilisation",4,enriched,delivery,négatif,absent,positif,absent
fr_0813147,fr,"Bon rapport qualité/prix

Convient pour les jouets des enfants",4,enriched,price,positif,positif,absent,absent
fr_0133239,fr,"J'aime bien mais...

Livré en deux jours, carton très abîmé mais meuble intacte. Le meuble paraît de qualité moyenne, la notice de montage est simple et j'ai pu le monter seule sans problème, chaque pièces et ""numéroté"", on ne peut donc pas se tromper. Il rempli les qualités que je souhaitais, mais je le trouve un peu cher pour ce qu'il est... (s'il est pour un meuble à chaussure, il ne peut aller que jusqu'à une taille 41, car après, il faut mettre les chaussure dans l'autre sens...)",4,enriched,delivery,négatif,négatif,négatif,absent
en_0121043,en,"Bad sound, horrible power button.

Almost impossible to use. Very bad sound quality. The inability to turn this product on or off with its pop up iPhone connectivity is hard to fathom. The power button is so stiff you have to take the thing off each time just to see if you are making contact. Add to that the absolutely brutal sound quality (absent of stuffing the thing halfway down your ear canal) and I just can’t understand the hype. The AirPods just work, every time. The fit on them is annoying but they work. These things are so badly thought out. From the play pause button triggering the volume constantly to way the included wings break the seal of the headphones in your ear. I could go on but who cares, these have been returned. Not my problem anymore.",2,natural,none,négatif,absent,absent,absent
fr_0733727,fr,"Produit passable

1 verre trempé sur 3 était défaillant (une couche de la protection du verre était décalée par rapport au autres..). Le verre n'est pas tout à fait de la même taille que l'écran mais ça reste plutôt correcte pour le prix, il y a des verre trempé bien pire que ça.. Je recommande tout de même",2,natural,none,négatif,positif,absent,absent
fr_0412251,fr,"Bas de gamme

Cassé en une semaine",1,natural,none,négatif,absent,absent,absent
en_0989691,en,"I don't remember odering this.

Never received this and don't remember ordering it either.",1,enriched,delivery,absent,absent,négatif,absent
en_0085663,en,"exactly what my Dad who is diabetic wanted

the description was right on and so was the size.",5,natural,none,positif,absent,absent,absent
fr_0961297,fr,"Trop cher

Trop cher pour du fil de cette épaisseur.",3,enriched,price,absent,négatif,absent,absent
en_0992518,en,"No product. No refund. Kept my money.

I don't have the product. Ordered over a month ago. There was an error with shipping on their end.( no error taking my money though) I received notification that I would either get the regulator or a refund. So far.....NOTHING. Watch out for this seller. Kevin Brooks",1,natural,none,absent,absent,négatif,négatif
en_0324071,en,"Better than nothing

Works only to some extent.",4,natural,none,neutre,absent,absent,absent
en_0439239,en,"Never received my order!

Never received my order!",1,enriched,delivery,absent,absent,négatif,absent
fr_0042326,fr,"Première commande sur Amazon

J’ai reçu ma Xbox one S comme convenu dans les temps et en état neuf avec l’ensemble des accessoires. Le suivi de livraison est très qualitatif et m’a informé précisément l’heure à laquelle allait passer le livreur. Je recommande fortement ce vendeur ainsi que ce site sans aucune incertitude. +1 client.",5,enriched,delivery,positif,absent,positif,positif
en_0985936,en,"Nope

The wire separated from the boot a week after installing them",1,natural,none,négatif,absent,absent,absent
fr_0678583,fr,"Mécontent

Respect pas leur délai toujours pas reçu mon colis le vendeur ne répond à aucun mail envoyer et impossible de savoir où et mon colis vraiment déçu",1,enriched,service,absent,absent,négatif,négatif
fr_0137188,fr,"qualité physique déplorable

filtre reçu avec pleins de micros rayures sur la face interne du filtre, très certainement du à un manque de contrôle lors de de la fabrication . Je recommande donc à nouveau le produit avec l'espoir d'être un peu plus chanceux sur la qualité.",2,enriched,delivery,négatif,absent,neutre,absent
en_0692691,en,"adequate

exact replacement but somewhat flimsy. At this price I suppose I can replace it very few years though.",3,enriched,service,négatif,neutre,absent,absent
fr_0145490,fr,"Câble HDMI

Câble HDMI qui correspond à nos attentes. Bonne longueur de câble. Bon fonctionnement! Commande bien reçue dans les temps. Merci",4,enriched,delivery,positif,absent,positif,absent
fr_0742466,fr,"Top !

Je suis impressionné par le suivi client ! J’avais reçu un modèle pas adapté à mon téléphone et suite à mon avis laissé post commande j’ai été contacté par téléphone et on m’a renvoyé un nouveau modèle. Je dis bravo au service client 👏🏻 !!",5,enriched,service,positif,absent,absent,positif
en_0643392,en,"Chemical free and smells good

Sometimes you have to reapply after like 8 hours but I love this product.",4,natural,none,positif,absent,absent,absent
en_0957527,en,"OK mouthwash

this mouthwash is supposed to kill all the nefarious bacteria in your mouth and not bother the good bacteria. Well they may be right, but my mouth does not feel any fresher than with other mouthwashes, really not worth the price, unless you truly believe what they say about those bacterias.",3,enriched,price,neutre,négatif,absent,absent
en_0334246,en,"more orange than red

Instead of being a true red color, these have regular white color inside with a red plastic round covering on the top, so the color the shines through is orange.",2,natural,none,négatif,absent,absent,absent
en_0662104,en,"It does the job, but...

I put on the protector and an hour later, without dropping my phone or doing anything with it, it already had a crack near the bottom of my phone.",3,natural,none,négatif,absent,absent,absent
en_0993330,en,"It's early days yet but her initial impressions are very good. It can be put on easily

My wife is has on and off problems with her back and posture. She has tried several different methods with limited success so I decided to buy this for her. It's early days yet but her initial impressions are very good. It can be put on easily, it's not too bulky or intrusive, it's comfortable and easily adjustable. After a few days she has noticed a marked improvement in posture and her movement is a lot more free.Very Happy with the product.",5,natural,none,positif,absent,absent,absent
en_0819897,en,"Filters out chemicals

For my garden, filters out clorine and chemicals out of city water which is harmful for vegetable garden.",5,natural,none,positif,absent,absent,absent
en_0936408,en,"Shipping was an issue!

The product was exactly what I wanted. The shipping box was badly damaged and so were the products inside. My husband was able to repair so that we did not have to return.",4,enriched,service,positif,absent,négatif,absent
fr_0335735,fr,"Totalement inefficace pour les rats

Totalement inefficace pour les rats, ça attrape bien le rat mais il réussi à sortir des machoires ça ne le tue pas sur le coup. Pas assez puissant",1,natural,none,négatif,absent,absent,absent
fr_0167347,fr,"Déçu

Colis reçu avec 4 jours de retard rapport à la date initialement prévue. Au retrait à la poste, surprise, le carton est tout simplement défoncé. Manifestement pas assez solide rapport au poid (un problème récurrents des colis Amazon selon les dires de la postière). J’arrive à voir que la cocotte est en un seul morceau, j’accepte donc le colis. Et au top à l’ouverture, on dirait qu’elle est limite d’occasion... l’email est partit en plusieurs endroits, laissant la fonte à nue. Reste à voir maintenant en cuisson. Mais globalement très déçu. De plus, le même produit disponible quasi 30euros moins cher chez C-Discount.....",1,enriched,price,négatif,négatif,négatif,absent
en_0752738,en,"Product not good.

The stuff in the jar arrived in one solid mass.",1,natural,none,négatif,absent,absent,absent
fr_0501445,fr,"La précision.

Très bon produit! Compacte, avec un sac de stockage suspendu à la ceinture. Nous recherchons un télémètre moins coûteux pour agir. Cette description semble complète et nous ne sommes pas déçus par cette réception. En outre, il est équipé d’un joli petit sac de stockage. Mesures de précision ""oui pour la première mesure que j’ai effectuée à nouveau avec un appareil de mesure à 10 mètres"" La précision est bonne. J’ai une différence d’un millimètre par rapport à mon mètre de mesure lorsque je mesure plus de deux mètres. Compte tenu du prix, je suis très satisfait de mon achat.",5,enriched,price,positif,positif,absent,absent
en_0335010,en,"Ok

Not bad for the price",4,enriched,price,neutre,positif,absent,absent
fr_0524488,fr,"Très déçue par les performances

Fait office de ventilateur mais avec plus de bruit... Regrette vraiment cet achat qui ne tient pas ses engagements. Je me pose aussi les mêmes questions que celles soulevées par d'autres utilisateurs: à quoi sert le couvercle sur le haut de l'appareil...? Pourquoi une odeur désagréable alors que l'eau est propre ? Je n'ai pas pris la peine de lire, avant l'achat, si on pouvait renvoyer l'appareil, j'aurais dû ! (De plus, un peu dégoûtée, car 1 jour après mon achat, le prix a baissé de 20 euros)",2,natural,none,négatif,négatif,absent,absent
en_0371847,en,"Runs small

Bought these for my daughter to wear under a dress. They were pretty small. I’d buy a larger size or not at all",2,natural,none,négatif,absent,absent,absent
fr_0650555,fr,"arrivee trop tard

le theme de la soiree c'etait princesse donc diademe mais il est arrivé lundi donc deçue et retour",1,enriched,service,absent,absent,négatif,absent
fr_0509392,fr,"produit qui ne fonctionne pas

Le produit ne fonctionne pas et ne charge pas la batterie de ma moto, je suis allé chez norauto acheter un chargeur qui pour à peine plus cher fonctionne très bien, je déconseille donc l'achat de ce produit.",1,enriched,price,négatif,négatif,absent,absent
fr_0106937,fr,"Titre erroné

Quand on lit sur Amazon, on va recevoir un lot de deux, sauf que non! On en reçoit 1. Produit remboursé",1,enriched,service,absent,absent,négatif,absent
en_0358694,en,"Runs very small

Coat seemed nice but I think the brand does not use US sizing because it was about 2 sizes too small for what should have fit me. I even went a size up than normal to account for wearing layers under it. I had to return it.",3,enriched,service,négatif,absent,absent,absent
fr_0778045,fr,"bon boitier avec de bonne dimensions intérieures

j'utilise ce boitier en extérieur pour l'alimentation de mon spa qui s'avère d'une utilité exemplaire pour ma par j'y ai rajouté deux piquets à visser sur le boitier pour le fixer au sol afin qui ne soit pas au contact du sol",4,enriched,service,positif,absent,absent,absent
en_0485481,en,"Way too small

Arrived intact but the size was way too small, even though I ordered they size they recommended. I waited too long to return it so I’m stuck w it. I’ll prob give it to a friend or donate it.",3,enriched,service,négatif,absent,neutre,absent
en_0389265,en,"Unsatisfactory Heating Capability

The exterior of the pad is plush and comfortable, however its heating capability is unsatisfactory. The heating element never did get very warm and has lessened over the 3 months since receiving it. I emailed the company and never received a response.",2,natural,none,négatif,absent,absent,négatif
fr_0840139,fr,"Bel étui agréable au touché parfaitement compatible pour kobo aura one

elle s'adapte parfaitement à ma kobo aura one plutôt de belle facture. petit bémol l'aimant de fermeture est un peu léger d'où ce 4 étoiles. Mais très bon rapport qualité prix après a voir à l'usage au quotidien.",4,natural,none,positif,positif,absent,absent
en_0648943,en,"You get what you paid for, but they’re beautiful!

Very beautiful wood grain and color. Gave em a quick rinse in the sink before I put them away after delivery and noticed pretty immediately a bit of the stain or finish or something was coming off onto the towel I was drying with, leaving them a little rough to the touch. So gave them a quick little mineral oil treatment and might hit them with one more coat before I use them, but all in all got what was expected for the price and am still excited about how beautiful they look.",4,enriched,delivery,négatif,neutre,absent,absent
fr_0039509,fr,"Necessite un objectif macro. Inutilisable avec des bagues-allonges, et qualité médiocre avec sa bonnette intégrée

Avant tout, il faut savoir que j'ai acheté ce produit à 35€ quand il était en promo. Ca m'a permis de l'essayer sans casser ma tirelire. Comme les autres acheteurs l'ont dit, ce duplicateur de diapos est utilisable sur un objectif standard si on utilise la bonnette (une sorte de loupe) qui est fournie avec. Mais alors la qualité d'image est médiocre. Il ne me servira que pour des reproductions de diapositives au cas par cas, quand je ne veux pas sortir le scanner ou le banc de repro. Si on veut l'utiliser sans bonnette, il est absolument nécessaire d'utiliser un objectif macro. J'ai essayé d'utiliser des bagues-allonges pour employer objectifs classiques, mais ça ne marche pas: les bagues allonges ne se contentent pas de réduire la distance mini de mise au point, elles réduisent aussi l'amplitude de mise au point à presque rien (quelques centimètres entre la mise au point mini et l'infini). Résultat, avec le tube, la diapo est soit trop près, soit trop loin pour parvenir à faire la mise au point. Au bout du compte, je laisse tomber ce truc. Je vais me faire une boîte à lumière avec un trou pour éclairer la diapo, et placer mon appareil sur un banc de reproduction. Ce sera beaucoup plus simple!",2,natural,none,négatif,positif,absent,absent
fr_0153131,fr,"Bon rapport qualité-prix

Premier achat pour recharger l'imprimante photos canon SELPHY CP 1300 reçu en cadeau à Noël. Achat concluant sur le rapport qualité-prix par rapport à d'autres offres. Je ne peux donc que recommander ce produit.",5,natural,none,positif,positif,absent,absent
en_0422598,en,"Lots of luck with e-mailing Invoices! Sorry I spent the money!

the bookkeeping part works fine. but I updated to this version because it say works with windows 10 I can not get the Invoice to e-mail, I have tried for days, Even reconfiguring my pc to make it work, Tech support is useless, they know less than I do. It would also be nice if one could add and subtract when entering a number in a sale or purchase",1,enriched,service,négatif,absent,absent,négatif
en_0905762,en,"This tent is said to come with a flash light ...

This tent is said to come with a flash light but when I got mine, there was no flash light. And the stars don’t glow in the dark at all. Plz don’t claim things that aren’t true about your product.",1,natural,none,négatif,absent,absent,absent
en_0575411,en,"Nice quality and a fair price

Great quality for the price. They arrived pretty quickly and in great condition. They were wrapped very securely and kept separated from each other. They look very nice under light.",4,enriched,price,positif,positif,positif,absent
fr_0263093,fr,"pas le meme que sur la photo

mon écran est arrivé différent de celui qui est sur la photo je suis déçu, il ne couvre pas tout l'ecran",1,enriched,delivery,négatif,absent,négatif,absent
en_0004382,en,"Trash Pump.

Not happy with this. No suction at all . It's going in the trash bin . VERY DISAPPOINTED",2,natural,none,négatif,absent,absent,absent
en_0389775,en,"and feeling sad when I clearly just had a hormone imbalance that ...

I'm 28 years old and have had acne for years. After two weeks of this product I barely have any acne at all! Years and years of going to doctors, using expensive medications, and feeling sad when I clearly just had a hormone imbalance that doctors dismissed. I've also been having issues conceiving, and I'm hoping the lotion will help with that too! I actually work with a woman that got pregnant directly after using progesterone. Great product. If you're going to use it you need to do research about timing and amount though; if it's used wrong it can mess up your ovulation.",5,enriched,price,positif,absent,absent,absent
en_0322099,en,"Just perfect!

Beautiful watch. Perfect size, not too small or too big. Just perfect. Highly recommend this product. You won’t be disappointed.",5,natural,none,positif,absent,absent,absent
fr_0260938,fr,"Mecontent

Pièce jamais reçu C'est la deuxième fois que l'on me fait le coup donc je ne serais plus client chez amazone",1,enriched,delivery,absent,absent,négatif,absent
fr_0279458,fr,"Beau mais pas pour nous...

Très bien et rendu très joli mais la boîte est maintenant dans l'armoire depuis des mois car ma belle fille a fait une réaction allergique. On l'utilise de temps en temps mais sur une feuille... Plus jamais sur la peau.",3,natural,none,négatif,absent,absent,absent
fr_0707445,fr,"Bon produit

Envoi rapide, il manquait la visserie dans le carton, très bonne réactivité et rapidité du vendeur devant ce problème, très bon suivi. Le Top case et de très bonne facture surtout vu le prix, attention il est très gros a éviter sur les petits scooter, sinon je recommande.",4,enriched,service,positif,absent,positif,positif
fr_0390691,fr,"J'ai un doute

J'adore ce dentifrice, il nettoie parfaitement et en douceur mais j'ai un (gros) doute sur sa contenance : le tube contient-il vraiment 75 ml ? Je n'ai jamais vu un tube se vider si rapidement, or je n'en mets pas plus sur ma brosse électrique que d'habitude. Comme aucun autre utilisateur ne signale ce détail, je me pose vraiment la question!",4,natural,none,neutre,absent,absent,absent
fr_0248978,fr,"Une bombe sonore !

Je suis vraiment ravie de cet achat , prix très raisonnable et une qualité de son colle je cherchait , pour coûter de la musique et regarder des films c'est extra ! Un homme cinéma dans les oreilles je recommande !",5,natural,none,positif,positif,absent,absent
en_0781636,en,"Never buy an wig on sale wont be worth money

It wasn't curly but it fit in think I have to try it on Its okay buy too expensive Next time get another one for expensive price",3,enriched,price,négatif,négatif,absent,absent
en_0277325,en,"Good value

Good value for the cost.",5,natural,none,absent,positif,absent,absent
en_0867226,en,"Not as i expected

Poor quality on the print",3,natural,none,négatif,absent,absent,absent
fr_0246257,fr,"Jamais reçu au point relais malgré le fait de les avoir commandé 2 fois

Le livreur LP ou plutôt La Poste, livraison détestable Après 2 commandes je ne les ai jamais reçu. Il faut changer de prestataire de livraison",1,natural,none,absent,absent,négatif,absent
fr_0662445,fr,"Bof bof bof

Sa tourne vraiment doucement elle vaut absolument pas le prix c'est à coup sûr un produit chinois sans qualité..à éviter",2,natural,none,négatif,absent,négatif,absent
fr_0974381,fr,"très fragile

Ce produit m'est arrivé fendu e au niveau du haut du filtre et s'est cassé en mettant de l'eau bouillante. Donc aspect joli, fait bel effet sur la table, mais pas solide du tout. A utiliser avec beaucoup de précaution",2,natural,none,négatif,absent,absent,absent
en_0876322,en,"Divorce, abuse, safety?

I enjoyed this read that includes a woman waiting her divorce to be final. She is addicted to chocolate and is the owner operator of a pastry sandwich shop. She rents a house to and hires a single mother who refused to discuss her past. Together the support and stand up for each other as their messed up lives real with some difficult situations. A great read.",4,natural,none,positif,absent,absent,absent
en_0215534,en,"Great amount for the price

Great amount for the price. However, found out my dog is allergic to something in this and it made him super itchy.",3,natural,none,négatif,positif,absent,absent
en_0229687,en,"Check all parts when you open the kit.

Kit arrived on time; however; it was missing the clear plastic canopy pieces.",2,enriched,delivery,absent,absent,positif,absent
fr_0552840,fr,"Colis vide

J ai recu mon colis mais une fois que j ai ouvert il etait vide il n ya pas l appareil que dois je faire",1,enriched,delivery,absent,absent,négatif,absent
fr_0413928,fr,"Excellent!

Suis très satisfait. La coque protège très bien le smartphone et la sensibilité est excellente. Il y a même la place si on veut rajouter un verre pour renforcer la protection, ce que j'ai fait et ça fonctionne très bien. Je recommande ce produit d'un très bon rapport qualité prix",5,enriched,price,positif,positif,absent,absent
fr_0754311,fr,"Gardez le bruit si bien

J'ai eu ces écouteurs pendant quelques semaines, alors j'ai pensé qu'il était temps de partager mes pensées. J'ai payé le plein prix pour ces écouteurs, alors tout le monde sait qu'il n'y a pas de préjudice ici. Donc, j'ai acheté ceux-ci à utiliser dans le bureau. Je code fréquemment pour 8-9 heures à la fois, donc les écouteurs et la musique sont un must. Pour un peu de contexte, je n'utilise que des écouteurs sans fil, sur l'oreille et je le fais depuis de nombreuses années.",5,natural,none,positif,absent,absent,absent
fr_0558189,fr,"Bien pour faire de la peinture

Échafaudage rapide à monter et léger, mais trop fragile pour faire autre chose que de la peinture ou autre petit travaux... les roues ne sont pas réglables en hauteur, et la stabilité est très limité...",3,natural,none,négatif,absent,absent,absent
en_0722827,en,"Nice for reasonable price.

Wish the D ring was smaller. Hard to put tags on the vest.",3,enriched,price,négatif,positif,absent,absent
fr_0184201,fr,"Je recommande pour les fans

Quelques défauts sur certaines photos à l'intérieur du livre... Quelques accrocs sur la couverture !! Très beau travail du photographe ainsi que les textes... Cela n'empêche en rien l'éblouissement de ma fille fan de Matt Pokora. Livraison très rapide",3,enriched,delivery,négatif,absent,positif,absent
fr_0202297,fr,"Contente

Sur les conseils de mon dentiste, je suis passée à la brosse à dents souple. Celle-ci remplit bien sa fonction, douce mais efficace; bonne tenue en main. Je mets 4* car je n'ai reçu que 2lots au lieu des 3 prévus; mais vu le prix, je n'ai pas fait de réclamation.",4,enriched,delivery,positif,positif,négatif,absent
en_0081179,en,"Works much better than your old tape adapters and once you get ...

Purchased for an older vehicle. Works much better than your old tape adapters and once you get locked on the right channel it has a solid sound. Bluetooth connection to my phone is flawless. Was able to pair quickly and get this set up right away without needing directions. It’s liteweight and can be easily moved between vehicles. It seems to be made well and we have used it daily since purchasing it. Lot easier than buying a new stereo and ensures my kids hands are hopefully on the wheel when he’s driving.",4,natural,none,positif,absent,absent,absent
fr_0027688,fr,"Basse qualité

Tombé une fois de la table de chevet au bout de 2 semaines, ne fonctionne plus",3,natural,none,négatif,absent,absent,absent
en_0899975,en,"Something wrong

I ordered the package ( 4 packs) few days ago , Just open one of them , found something on the filter ( don’t know what is that ) , I’m afraid to use it ..",3,enriched,delivery,négatif,absent,absent,absent
fr_0761072,fr,"Sympa mais....

Bonjour, J'ai acheté ce produit comme ""neuf"" mais une des taies d'oreiller étaient déchirées. Je sais que je n'ai pas payé le prix fort mais j'espère au moins avoir un produit correct.",3,enriched,price,négatif,neutre,absent,absent
en_0521946,en,"A little tacky

This product isn’t horrible, but it isn’t great. The plastic is really cheap looking and one of the bulbs is a slightly different color than the others. Other than that, it looks pretty much like the picture and it turns on.",3,enriched,price,négatif,absent,absent,absent
en_0876847,en,"Never got what I paid for

I wouldn't know how to rate this product because I never received it!",1,enriched,delivery,absent,absent,négatif,absent
fr_0455929,fr,"Appareil nickel sur le papier, mais inutilisable dans la vraie vie.

Je vais vous retourner ce produit, dépourvu d'une notice en français. Je lis l'anglais, mais c'est du très mauvais anglais, au point que je ne parviens pas à utiliser les prétendues possibilités de cet appareil.",1,natural,none,négatif,absent,absent,absent
en_0558125,en,"Stockings won't stay up!

The first two days of wearing these compression stockings were great - exactly what I needed after vein treatment. After two days, they would not stay up. For the price, one would think the product would be satisfactory. Very disappointing.",2,enriched,price,négatif,négatif,absent,absent
fr_0527108,fr,"Attention attention attention

Attention attention attention tombé en panne au bout de trois jours Je demande le retour de la machine On m'envoie les documents de retour mes c'est a moi a payer Honteux Honteux A bannir cette boîte",1,enriched,service,négatif,absent,absent,négatif
en_0614553,en,"DO NOT BUY

The lid does not stay. It keeps skipping off. I had use all my strength to hold it down and still it splattered all over me. I thought this is an Indian manufacturer so they know what I need for my Indian cooking so it can’t go wrong. So I confidently threw away the box, so I am unable to return it but I cannot use it for any wet grinding for which I got this big and expensive grinder. Those who know , Indian cooking needs lot of grinding for curries. All money down the drain !",1,natural,none,négatif,négatif,absent,absent
fr_0517316,fr,"les rotules ne sont pas très précises

les rotules grip ne sont pas très précises le pied est assez lourd et moins stable que Manfrotto les c-stand avenger / manfrotto sont de meilleure qualité (meilleures rotules, pied plus stable) et on peut les trouver au même prix sur le web",3,enriched,price,négatif,neutre,absent,absent
fr_0966952,fr,"Produit pas satisfaisant

La batterie ne marchait pas il s'éteignait de manière impromptue...mais service client ok",1,enriched,service,négatif,absent,absent,positif
fr_0748414,fr,"Lampe à détecteur de mouvement OK

achetés pour l'entrée de la maison, la lampe détecte dans un large faisceau la présence de mouvement et s'allume comme prévu. Dans le noir elles sont très brillante et il faut cligner des yeux plusieurs fois si on ne s'attend pas à cette arrivée de lumière. La recharge par USB est très bien cela évite d'avoir à chercher des piles à chaque fois. Rapport qualité prix ok surtout avec la vente flash.",4,enriched,price,positif,positif,absent,absent
en_0295022,en,"Definitely keeps birds away

I put them around my patio 1 ft. apart from each other. At first I only did the front of patio but the birds came though the sides sitting on my 2 ceilings fans and pooping all over my outdoor furniture, but I bought more to put on the side and it did the trick. They were good for about 2 years and slowly the shinny finish wore out and some the skinny little rubber holding them gave out on its own or the wind was too strong for them. I only have two left and I am noticing the birds have returned so I am re-buying, but this time I am going to use fishing line instead of the skinny rubber it comes with.",4,natural,none,positif,absent,absent,absent
fr_0937226,fr,"Massive, élégante, bonnes finitions

J ai reçu cette montre argentée, la qualité est excellente, bonne montre dans l'air du temps, poids relativement lourd je kiffe cette belle montre en acier",5,natural,none,négatif,négatif,absent,absent
fr_0717090,fr,"Mon avis

Produit Reçu moisis hors de prix petit pour un petit morceau de racine de 25 cm très déçu",1,enriched,price,positif,absent,absent,absent
fr_0079818,fr,"Super

Bon produit . Facile à monter et assez robuste",4,natural,none,négatif,absent,absent,absent
fr_0332620,fr,"Joli mais il fuit !

Très joli produit esthétiquement (chromé) et confortable avec la bande en caoutchouc, mais à savoir que ce mug n'est pas un vrai thermos et ne garde pas la chaleur très longtemps. Aussi le mug fuit s'il ne reste pas débout. Je le recommande quand même.",3,natural,none,négatif,absent,absent,absent
fr_0098279,fr,"déçue

Je suis déçue par la teinte des pierres qui semblent assez foncées sur le site alors qu'elles sont hyper claires.",2,natural,none,négatif,absent,absent,absent
en_0491940,en,"Cheap material, not the same color

I knew these would be on the cheaper end, but when they showed up the color was way lighter than the picture, giving it a cheap 80's workout clothes look. I returned them, and the seller refunded my purchase without incident.",2,enriched,price,négatif,absent,absent,positif
fr_0567146,fr,"Sommier pourri

N’achetez surtout pas ce sommier c’est un sommier de merde les latte ne tiennent pas elle se casse et j’ai reçu les pieds du sommier un mois plus tard C’est scandaleux de vendre de la merde comme ça à éviter à tout prix",1,enriched,price,négatif,absent,négatif,positif
fr_0477826,fr,"Pas reçu

Livré je ne sais où…..même pas appelé au tel., pourtant j'étais à la maison (heureusement remboursé très rapidement par Amazon)",1,enriched,service,négatif,absent,négatif,absent
fr_0575184,fr,"Un peu camelote.

La passoire est arrivée avec le pied tordu, sans doute lié à un mauvais emballage. J'ai pu le redresser à la main ce qui prouve la finesse de l'inox utilisé. Pas vraiment solide...",2,natural,none,positif,absent,absent,absent
en_0391925,en,"Product itself is fine; Amazon shipping damaged box

The product itself is fine, but as a collector I am disappointed in the condition of the box. The box was damaged in several places because Amazon shipped them loose in a box without any sort of protection at all.",2,enriched,delivery,négatif,absent,négatif,absent
fr_0658636,fr,"barbie

bien rapport qualité prix",4,enriched,price,positif,positif,absent,absent
en_0751540,en,"Nice warm blanket

Nice warm blanket. Not the absolute highest quality, but great value for the price, and good for our household since we have two dogs that always want to rough house on our bed. I'd order again.",4,enriched,price,positif,positif,absent,absent
fr_0361448,fr,"Chaises Scandinaves

Belle chaise malgré une erreur de livraison. J’avais commandé 6 chaises noires et reçu 4 noires et 2 blanches Finalement très bien comme j’ai des meubles blanc",5,enriched,delivery,positif,absent,négatif,absent
en_0371998,en,"Solid sturdy case due to slippery phone itself. Coming from someone that doesn't like cases.

This is a solid case for Essential Phone. I'm pretty happy with it, I used to go without a case before this on my older phones and I just don't really like cases but it's far too slippery the Essential Phone. I'm happy to say that this has a great fit and is all I'm looking for in a phone case, to protect and not really be noticeable. This case does that job.",4,natural,none,positif,absent,absent,absent
en_0809435,en,"Arrived broken, still like it.

Unfortunately this arrived broken. However, I was rewarded a full refund and my snake still likes to use it. I just had to sand down the sharp edges where it broke, but this is as described and is a quality product otherwise.",4,enriched,service,positif,absent,négatif,positif
en_0308037,en,"Too small

I keep forgetting to check clothes coming from China",2,natural,none,négatif,absent,absent,absent
fr_0219533,fr,"De bonne fabrication

Conforme au descriptif",4,natural,none,positif,absent,absent,absent
en_0675798,en,"Two Stars

Wing fell off after using a few times.",2,natural,none,négatif,absent,absent,absent
en_0458707,en,"Too small for minimal stuff!

Hand to return this cutie...was way to small to even fit my phone (xMax)",2,natural,none,négatif,absent,absent,absent
fr_0312825,fr,"Protection qui ne correspond pas au téléphone

C'est pas ce que j'ai commandé, sur la photo la protection correspond, là les trous ne correspondent absolument pas, j'ai l'appareil photo sans trou.",1,natural,none,négatif,absent,négatif,absent
fr_0488794,fr,"Lourdes

Bonnes jumelles mais un peu trop lourdes",4,natural,none,neutre,absent,absent,absent
fr_0292833,fr,"Sûrement un mauvais lot ...

Bonjour, j'ai du tomber sur un mauvais numéro. La batterie ne charge presque pas et je n'ai pas beaucoup plus de puissance que sur mon ancienne qui arrivait au bout de sa capacité.Je vais voir pour la faire changer. Sinon le produit, la livraison sont conforme et sans problème. Hervé.",2,enriched,delivery,négatif,absent,positif,absent
fr_0529283,fr,"Inutile

Inutile. Je ne comprends pas les commentaires positifs. Fixe bien le téléphone oui, mais je perds de la batterie ! Il ne charge pas assez vite. Pour info, j’ai même essayé de changer mon adaptateur allume-cigare USB pour un plus puissant mais même chose. Rien de mieux que le branchement par câble malheureusement :-(",1,natural,none,négatif,absent,absent,absent
en_0060312,en,"Detailed experience ...

Day 1: the pills are easy to swallow, took them 20min before dinner (as the package directed). Maybe this is TMI ... but since I'm going to leave an honest review, I did have a few nasty tasting burps after eating dinner. We'll see how this goes. I'll post an update after I've been taking it for a few days.",3,natural,none,neutre,absent,absent,absent
fr_0208623,fr,"Produit retourné c est un socle pas un chargeur

C est juste un socle. Il faut avoir le chargeur en plus. Produit retourné pour un chargeur standard.",3,natural,none,absent,absent,absent,absent
fr_0366813,fr,"Vendeur pas sérieux

Colis reçu dans les délais. Autant mes autres achats sont nickels que celui-ci laisse vraiment à désirer. Les baguettes ne sont pas en cause, elles sont pratiques et solides. Ce que j'ai le moins apprécié c'est le petit post-it sur le paquet de baguettes avec le gentil petit message ""domage manque une paire"". A vous de voir sir vous voulez tenter l'expérience avec ce vendeur...",2,enriched,service,positif,absent,positif,négatif
en_0005674,en,"Shipping nightmare

The product itself was decent quality. It worked well with adhering my new carpeting to my boat. HOWEVER, The shipping was a disaster. The lid had no mechanical seal and had simply popped loose causing a large amount of the adhesive to coat the inside of the shipping envelope and the entire outside of the container. It's a miracle that I didn't lose that much of the product and was still able to complete the project.",2,enriched,delivery,négatif,absent,négatif,absent
fr_0506755,fr,"Bug , fonctionne très mal

Là manettes n’est pas conforme , elle bug , les boutons réagis très mal , lorsque j’appuie sur certaine touche d’autre ce déclenche , c’est vraiment un produit très décevant pour Sony prix. Qui et au dessus de la moyenne du marcher , faite moi confiance et n’acheter surtout pas ce produit.",1,enriched,price,négatif,négatif,absent,absent
fr_0487499,fr,"le produit semble reconditionné ....

colis reçu, mais semble avoir été reconditionné ....??? non signalé lors de l'achat !! carton abîmé suite à une ouverture déjà effectué et plastiques enveloppants les câbles et accessoires ne semble pas d'origine. bizarre....",3,enriched,delivery,neutre,absent,neutre,absent
fr_0007659,fr,"Table manucure

Bonjour voilà les photos il y a des rayures le tiroir est tordu pieds bancals écrire plein de taches partout ça se voit c'est pas du neuf alors je vous demande de remboursement merci cordialement",1,enriched,service,négatif,absent,absent,absent
en_0441247,en,"Not great

The product didn’t stay on well and stopped twisting up after about a month of use. I used it maybe 7 times during that month so I couldn’t have used it all. For the price I would expect it to work for longer than a month considering your can get one for $1.99 at the drugstore that lasts for a year...",2,enriched,price,négatif,négatif,absent,absent
fr_0913648,fr,"Coutures fragiles

Qualité médiocre mais le prix est correct. Les coutures sont très fragiles.",3,enriched,price,négatif,neutre,absent,absent
fr_0639457,fr,"Très bon

Bon produit rapport qualité prix",5,enriched,price,positif,positif,absent,absent
fr_0278254,fr,"Satisfaite.

Belle couleur et arrivé assez rapidement. Personnellement je souhaite l'utiliser pour un mini jardin et non un aquarium, sinon privilégier des sacs plus grands.",3,enriched,delivery,positif,absent,positif,absent
fr_0961536,fr,"GROSSE TRACE DE COLLE

Le jouet avait une grosse trace de colle devant ce qui est une anomalie et qui n'aurai jamais du être envoyé. Un vendeur sans scrupule",1,enriched,service,négatif,absent,absent,négatif
en_0165943,en,"Stay away from this seller!

Update: This was originally a 2 star review and you could reference the text of it below. Three months after returning the item a seller reached out to me directly, outside of Amazon’s messaging system and asked to remove the review. They got my personal information and this was not supposed to happen. Shady business, beware and stay away! Original: This set has a poor quality (but is worth the price). Several pieces had scratches, dents, and other blemishes straigh out of the box. Spend a little more for a a better quality flatware. Had to return this and Amazon was great (as always) working on processing the return.",1,enriched,price,négatif,neutre,absent,négatif
en_0370190,en,"Warranty not Honored by Milwaukee when purchased from Amazon

The tool is amazing, 5 stars. However, on the Amazon page, it says that there is a full warranty from the manufacturer, which is not true. When I tried to get this repaired, Milwaukee said they don't warranty purchases from Amazon. This seller needs to update their false advertising. If you have this tool, there is still some warranty, but it's based on the date that the tool was manufactured, not when it was sold. You have 3 years from date of manufacture, and not the __full__ warranty. Sucks I have no way of leaving feedback for the seller independent of the tool (which is great). But this is a very deceptive practice.",1,enriched,service,positif,absent,absent,négatif
fr_0912777,fr,"chronopost à fuire objet cassé à chaque fois

article reçu une première fois sans terrarium avec la mention écrite cassé sur le carton et il manquait les copeaux de bois, je demande donc le remplacement. Je vais chercher une deuxième fois mon terrarium au bureau de poste au Chronopost me l'avait déposé et là les articles sont bien tous à l'intérieur mais cassé en mille morceaux. Je demande donc le remboursement pour aller en acheter ailleurs par mon propre transport.",1,enriched,service,absent,absent,négatif,négatif
fr_0976958,fr,"cool

bien reçu très satisfaite de se produit je la recommende bien reçu très satisfaite de se produit je la recommende bien reçu très satisfaite de se produit je la recommende",3,enriched,delivery,positif,absent,positif,absent
en_0847557,en,"Not worth the money

I am very disappointed with this product after using it for about a week. It did NOT control my dogs barking at all, instead, it made her much louder. The dogs around her were more concerned about where that noise came from. I would rethink this purchase if you have a multiple dog household. The noise is just a simple beep, but is loud enough for a human to hear. I was so excited to receive this item after reading the reviews, but to my disappointment, it didn't work at all for my dog. This purchase should be made for a dog that would be terrified of a beep or slight vibration, it is not meant for a dog that would pay no attention to a beep or vibration.",1,enriched,price,négatif,négatif,absent,absent
fr_0409986,fr,"pas cher

pour juste affûter les couteaux, ou meuler une vis, ça va, mais pour le reste, aucune puissance, donc si vous voulez affuter vos forets ou un petit truc pas gros, ça convient",2,enriched,price,neutre,positif,absent,absent
en_0037702,en,"Not bulky

It is nice to not have to use a bulky towel to hold my hair up. I’m not entirely convinced that it lives up to all of its claims for drying hair, but I also have very thick hair so that may play into it. I still like it though so it’s worth trying out.",4,natural,none,positif,absent,absent,absent
fr_0637923,fr,"toujours en activité !

cet objet acquis depuis plusieurs mois est toujours en activité tant il s'économise à ne trop rien faire! Il va de chaussures en chaussures et assure son rôle d' agrandisseur pour mes grands pieds vieillissants. Bonne matière c'est un collaborateur utile et ingénieux qui ne nous cause aucun problème.",3,natural,none,positif,absent,absent,absent
fr_0021415,fr,"Inutilisable

Clavier léger, qualité adéquate pour un prix alléchant. Mais le choix d'utiliser une touche non standardisée pour la touche retour-arrière (au lieu d'une seule grande touche, elle est divisée en deux, avec une petite touche mal placée pour le retour-arrière) le rend inutilisable, du moins, pour les gens comme moi qui avaient appris le dactylo.",1,enriched,price,négatif,positif,absent,absent
en_0198592,en,"awsome tool

I bought this for a helper to use and he liked it so well I was gonna give him a bonus for a job well done but he asked for this tool instead...",5,natural,none,positif,absent,absent,absent
en_0838305,en,"I ordered white and received lavender

I would like a refund, product was not white and the bow is MUCH smaller and looks dinky...",2,enriched,delivery,négatif,absent,négatif,absent
en_0057291,en,"Way too thin at top.

This wig is not worth 21$ . Looks way too fake. Have found better on amazon for 21$ doesn't fit right",1,enriched,price,négatif,négatif,absent,absent
en_0304828,en,"... stay attached to the frame but that thing breaks easily and make the iron bars fall

The support iron bars got some thing to put on for them to stay attached to the frame but that thing breaks easily and make the iron bars fall.",1,natural,none,négatif,absent,absent,absent
fr_0864172,fr,"OUI MAIS...

Attention il n'y a pas 2 produits comme sur l'image mais seulement 1 shampoing !",3,natural,none,absent,absent,négatif,absent
fr_0815360,fr,"Très mauvaise qualité

Chaussures inadaptées, aucun confort, pas faites pour des chaussures de sécurité car abimés au bout de 3 jours",1,natural,none,négatif,absent,absent,absent
fr_0751664,fr,"sur la livraison

pour la livraison, aucune info du passage, le colis a été remis directement à la poste,",3,natural,none,absent,absent,neutre,absent
fr_0113867,fr,"Pratique

Super pratique pour mettre des aliments au congélateur",5,natural,none,positif,absent,absent,absent
fr_0542310,fr,"ok mais....

très bon maintient du bébé avec une assise confortable, il ne me l a pas dit, mais ça m a l air idéal. cependant il faut d assez large épaule pour porter le gros sac (pas le bébé), pas fort pratique pour une personne de gabarit léger, ou alors régler sans arrêt et minutieusement les sangles au fur et à mesure qu on ressent le poids du bébé. (ou tout simplement faire suivre un régime au bébé) pas facile non plus d installer le bébé en étant seul, ou peut être que je n ai pas encore la main. sinon dans l ensemble, c est un bon sac mais qui ne se démarque pas assez des concurrents à prix parfois plus petits, et plus pratique. mais je pense pouvoir revendre celui ci en deuxième main plus tard sans trop de peine grâce à la renommé de la marque.",3,enriched,price,positif,négatif,absent,absent
fr_0408877,fr,"Pas utilisé

N'allait pas dans mon cosy.",2,natural,none,absent,absent,absent,absent
en_0880722,en,"As expected

Very cheap, rips easy, but cool product if only need for 1 time use such as anniversary or bday for hub",2,enriched,price,négatif,neutre,absent,absent
fr_0448864,fr,"bel effet !

tres contents de ce tapis qui respecte sa description - belle qualité avec son design moderne - Très bien !",5,natural,none,positif,absent,absent,absent
en_0503116,en,"Best mugs ever

Best mugs ever. Everyone in my family wanted one once they saw mine and they all received one for Christmas. Keeps drinks very hot and doesn't spill.",5,enriched,delivery,positif,absent,absent,absent
fr_0772694,fr,"La montagne

Livre intéressant mais trop lent pour mon gout et pas assez d'explication sur certaine expressions ou termes ou même cuisine",3,natural,none,neutre,absent,absent,absent
fr_0083204,fr,"je n'ai pas eu l'objet

Vous vous moquez de moi j'ai toujours rien recu et je vous ai ecrit pour avoir le remboursement",1,enriched,service,absent,absent,négatif,négatif
en_0597086,en,"Dose not work with guns it specifics.

It states,for guns w/lights,well I have a Glock 17 w/Glock light and it does not work,it only works for blackhawk lights that are high price.",3,enriched,price,négatif,absent,absent,absent
en_0453428,en,"A good price for someone who is testing a product for the first time.

I was pleased to receive this product in a timely fashion and the price 11.00 and some change was a reasonable price for someone like myself who is testing this product out for the first time. Some people say that sea moss basically has no taste when you mix it in a smoothie and such.. Not so in my opinion I mixed mine and can still detect it! I think it would be better in something like a soup cuz it's very sea weedy and fishy tasting. Once I learn how to use it I would probably purchase it again.",4,enriched,price,neutre,positif,positif,absent
fr_0795332,fr,"tres fragile

au bout d'une semaine le boudin se dégonfle tout seul, il y a des fuites au niveau des thermo soudures du liner.",1,natural,none,négatif,absent,absent,absent
en_0400789,en,"fast shipping

they were nice but too big.",4,enriched,delivery,neutre,absent,positif,absent
fr_0735166,fr,"Très bon produit

Aucun problème avec ce produit ! Reçu vite, en bon état, fonctionne bien pour mon iphone et mes airpods !",5,natural,none,positif,absent,positif,absent
fr_0814548,fr,"Colère!

Je n'ai jamais reçu cet article ni le remboursement qui est annoncé depuis le 24 décembre!!!",1,enriched,delivery,absent,absent,négatif,négatif
en_0976199,en,"Love it

Like it love it when everyone is in the story",4,natural,none,absent,absent,absent,absent
en_0879265,en,"Bad bad bad services

I bought this products 2 months ago , I didn’t received yet !!’",1,enriched,delivery,absent,absent,négatif,négatif
en_0947187,en,"Quality doesnt match the price

The item that arrives does NOT resemble the product photo provided by the seller. It does not feel like the memory foam depicted in the sellers photos either. The cover is a weird cottony wool that is ill-fitted for the foam core. The upsetting part is that this item cost MORE than the wedge purchased for my back, which is a higher quality foam and a much nicer cover that actually fits. The cover for the knee wedge is a hot wintery fabric that is surely to make some people feel too warm.",3,enriched,service,négatif,négatif,absent,absent
en_0477894,en,"Author repeats itself

This book could have been written in 20 pages. It is basically a ""cookie-cutter"" manual fluffed with lots of unnecessary psychology mumbo jumbo.",2,natural,none,négatif,absent,absent,absent
en_0901961,en,"Not what it appears to be!

The black plastic organizer is what I thought I was ordering. Instead, I received a bunch of white cardboard folding pieces. I plan to return the item and will update if there is a way to actually receive what I ordered. No instructions - nothing. Just lots of cardboard packaged in bubble wrap.",1,enriched,delivery,négatif,absent,négatif,absent
en_0334336,en,"Wish I had ordered this months ago

Arrived way ahead of initial tentative delivery date. Fit well - 1 minute fix, wish I had ordered this replacement knob months ago.",5,enriched,service,positif,absent,positif,absent
en_0412191,en,"Fast and great quality

This looked exactly as described and arrived within 2 days. Very fast! Great!",5,enriched,delivery,positif,positif,absent,absent
en_0636123,en,"Four Stars

This is a nice and reasonable case as far a price.... love the way it feels",4,enriched,price,neutre,positif,absent,absent
fr_0406607,fr,"Serait mieux en noir ou gris

C'est pas mal mais par contre il est dommage qu'il n'existe pas en noir car en blanc c'est très salissant et en marron cela fait vieillot on a donc choisi blanc par défaut mais il s'est très vite sali dommage",3,natural,none,négatif,absent,absent,absent
fr_0777845,fr,"Accessoires du Produit fragile

La télécommande qui s'accroche au volant est arrivée cassé du coup je suis obligé de tout faire sur les commandes de l'écran.",3,natural,none,négatif,absent,négatif,absent
en_0671868,en,"Four Stars

fits good and just as descibed",4,natural,none,positif,absent,absent,absent
en_0957268,en,"Great service

The book was lost, but they sent me one right away. I would buy from them again.",5,natural,none,absent,absent,négatif,positif
en_0371111,en,"Pendant is pretty, but the chain ruins the entire piece.

I wish that the other poster's delivery had come in before I'd ordered, or I wouldn't have ordered this necklace. The pendant itself is very pretty, but the chain is HORRIBLE. It kinks badly and the adjusting beads don't work very well. I will likely return it.",2,enriched,service,négatif,absent,absent,absent
en_0654569,en,"Beautiful and Functional!

I bought this as a gift for my husband. It has everything he was looking for in a bedside lamp, I was so happy to find it! And even better, it works perfectly and looks beautiful. The dimming switch is the best part- with just a touch of the finger you can either turn it off and on or make it brighter or dimmer. The wireless charger is also a great feature. I definitely recommend this lamp!",5,natural,none,positif,absent,absent,absent
en_0471353,en,"Durable

Have found no flaws in these mirrors. Installed them on my 2019 ezgo cart.",4,natural,none,positif,absent,absent,absent
fr_0904853,fr,"Couleur devient fade

Perd sa couleur, usé rapidement même pas lavé",3,natural,none,négatif,absent,absent,absent
fr_0753064,fr,"Pyjama only maison

C’est très marrant pour les parents. Juste pour la maison. Ça fait bête de foire !! Mais c’est drôle",3,natural,none,neutre,absent,absent,absent
fr_0320679,fr,"Barrette défectueuse au bout de 3 semaine

Extrêmement déçu après 3 semaine une barrette défectueuse. Du coup sav pas pratique en gros je retourne chez g.skill barette corsair pas fiable pour le 2e kit 2x8Go les 2 avec une barrette défectueuse au bout de 2/3 semaine.",2,enriched,service,négatif,absent,absent,négatif
en_0671050,en,"I like it, but probably won't be buying it from ...

I like it, but probably won't be buying it from amazon anymore. Found it from a local consultant and only pay the price of the item not tax or shipping on top of price.",3,enriched,price,absent,négatif,absent,absent
en_0452395,en,"expensive

expensive but is what it is",3,enriched,price,absent,négatif,absent,absent
fr_0481818,fr,"sachet non individuel

sachets en vrac, non individuels donc moins de goût",2,natural,none,négatif,absent,absent,absent
en_0798475,en,"Ask for delivery schedule before i order.

Took to long to deliver because it got lost in transit.",2,enriched,delivery,absent,absent,négatif,absent
en_0735525,en,"Good product for price

Bought for summer concerts outdoors.. works great n holds good charge",4,natural,none,positif,positif,absent,absent
fr_0487838,fr,"Satisfaite de mon achat

Produit reçu dans le délai prévu. Cela fait seulement quelques jours que je l’utilise pour mes chiens et mes chattes (2 chattes qui viennent d’arriver!). La cohabitation avec mes 2 premières chattes étant très difficile, j’ai donc décidé de commander ce produit. Les chiens sont plus calmes, et j’ai 2 chattes qui sont aussi plus calmes. Je vais voir sur le long terme pour les 2 autres. L’odeur est particulière mais ça ne les dérangent pas. Je le recommande, puisque j’ai un résultat plutôt positif sur ma petite troupe à poils. Je pense même le recommander par la suite, le temps que les 2 chattes se calment elles aussi.",4,enriched,delivery,positif,absent,positif,absent
en_0254327,en,"Quality and comfortable briefs

Very good quality. Briefs don't stretch nor shrink after washing. Low rise is not too low, which makes it more comfortable for normal bodies.",5,natural,none,positif,absent,absent,absent
fr_0213667,fr,"Incomplet

Article reçu dans les temps, mais non complet. Manque les 6 pinceaux...",2,enriched,delivery,absent,absent,négatif,absent
fr_0762592,fr,"Vaut même pas le prix payé !!!!

Acheté 2 télécommandes, la 1ère fut impossible à programmer même avec le tuto trouvé sur youtube et la seconde perdait ses mémorisations dès qu'un nouveau bouton était programmer. Donc renvoyées pour remboursement. Je ne recommande pas du tout le produit",1,enriched,service,négatif,négatif,absent,absent
en_0020256,en,"Good for the price

Took some time to sync to my app and to start tracking steps but seeks to be fine now.",4,enriched,price,neutre,positif,absent,absent
en_0331749,en,"Warehouse deals and don’t buy from them they’re a bunch a scam artists.

If I could give this no stars I would! So here’s how this goes I received the package and inside is a pair of $25 Walmart rubber universal fit junk floor mats! So this warehouse deals place obviously either is trying to get over on me and Amazon or they’ve got a bunch of fools working for them that check returns in without matching the product against what it is they sold. Thank God for Amazon’s wonderful customer service and the fact that they’re going to refund my money so long story short , Warehouse deals and don’t buy from them they’re a bunch a scam artists.",1,enriched,delivery,négatif,absent,négatif,positif
en_0761337,en,"Tast okay

Ok so I cant judge the effectiveness now. But I was having trouble taking it alone. I just add the drops to my bottle of water and drink it before meals. This is my second week and it has been working well. I give it three star because of the taste for now. I will update my review once I'm done with the entire product.",3,natural,none,neutre,absent,absent,absent
en_0841265,en,"Scratches

Very small. Need to fill often",2,natural,none,négatif,absent,absent,absent
en_0496797,en,"50% rating for 50% performance

I like the size and the ability to put it on a keychain. Directions on Amazon page for programming were easy to follow and were correct. However, only 1 of the two had a functioning battery when they arrived, and no instructions came with the package for how to open remotes to change battery. Hopefully the vendor will supply that info, or better yet a fresh battery!",3,natural,none,neutre,absent,absent,absent
fr_0346562,fr,"sticks double paupière

L'article est de bonne qualité, mais je regrette de ne pas avoir été informée qu'il existe plusieurs tailles, et malheureusement je ne suis pas tombée sur la bonne taille. J'ai reçu la commande avant la date prévue donc rien a dire de ce côté là, le vendeur a bien rempli les conditions le concernant.",3,enriched,service,positif,absent,positif,positif
fr_0516984,fr,"seyant et confortable

Je ne regrette pas du tout cet achat, le pull est léger et agréable à porter et en plus il est flatteur!",5,natural,none,négatif,absent,absent,négatif
en_0638427,en,"Bad quality, very thin and not even. Some areas you can see thru

Look at the picture. It is very thin and in some areas there seems be holes. Not sure how the filter is going to trap and dust. I called Holmes customer service and they said they only warranty filters that are bought from their web site. Bad customer service policy from Holmes. They didn’t even care enough about their quality to ask for the serial or product code so the team can investigate. Not buying Holmes any more.",2,enriched,service,positif,absent,absent,absent
fr_0968032,fr,"J adore

J adore il devrais le faire toute l'année odeur de bonbon sans faire enfantin pas écoeurant du tout je recommande",5,natural,none,absent,absent,absent,positif
en_0660629,en,"The package arrived as scheduled but it's a lucky thing ...

Updated review - great customer service, would buy them again.",4,enriched,delivery,négatif,absent,absent,absent
fr_0776383,fr,"remplace ceux d'origine, mais s'use extremement vite

attention , ces charbons s 'use extrêmement vite.... ça dépanne quelques temps , mais la qualité n'est pas la...déçu.ça vaut a peine son prix.",2,enriched,price,négatif,absent,absent,absent
en_0088476,en,"it fits but the print on the product makes me ...

it fits but the print on the product makes me wonder about the genuineness of the product, it's different than the OEM parts I pulled out from my car, and it's different from the pictures provided by the seller, and different than any online installation video/photo",2,natural,none,négatif,absent,absent,absent
en_0108505,en,"If it's defective YOU will pay to ship it back

Hour hand got stuck on the temperature dial (bent too low), so it would only go to 9 o'clock. NO FREE RETURN",2,enriched,service,négatif,absent,absent,négatif
fr_0453316,fr,"Bof !!!

Pas prévenu de la livraison, heureusement le commerçant me connaissant m'a téléphoné. Le fond du cadran n'est pas bleu comme sur la photo mais bleu nuit, presque noir, ça manque de gaieté. Le bracelet métallique est livré en position la plus élargie, si vous n'êtes pas obèse et sans possession des outils adéquats, vous devez payer un pro pour vous le raccourcir: coût 10€. La phosphorescence des aiguilles est quasi nulle, impossible de voir l'heure la nuit. J'avais un meilleur souvenir de ma précédente Festina achetée il y a 10 ans.",2,natural,none,négatif,négatif,négatif,absent
en_0474925,en,"Perfect for school

Backpack is fantastic granddaughter loves it.lots of space sturdy zippers well made",5,natural,none,positif,absent,absent,absent
fr_0749871,fr,"Super petite chaîne

Très bon son pour la petite taille. Facilement installable. Le Bluetooth se synchronise bien. Par contre le mode d'emploi fourni est incorrect sur le réglage de l'heure. Se référer au mode d'emploi sur le site de Philipps.",4,natural,none,positif,absent,absent,absent
en_0415279,en,"Doesn’t fit properly.

Doesn’t fit correctly in fridge although says it is a replacement for my model of refrigerator.",1,natural,none,négatif,absent,absent,absent
fr_0653826,fr,"SEULEMENT EN 3G

TEL REÇU CONFORME MAIS PAS DE 4G SEULEMENT EN 3 G LA 4G ET POUR LES VERSION LTE",2,enriched,delivery,neutre,absent,absent,absent
fr_0762013,fr,"tissu pour enceinte

bon prix ,envoyer rapidement, mais tissu trop fin beaucoup trop fin ,cacher des hp non . Obliger de peindre en noir le support hp suis deçu",3,enriched,service,négatif,négatif,positif,absent
en_0285608,en,"Nicely packaged

Can not use without a brush attachment as shown in add.",1,natural,none,négatif,absent,absent,absent
fr_0973664,fr,"Vendeur pas sérieux

Jamais reçu malgré de nombreuses relances mails",1,enriched,service,absent,absent,négatif,négatif
en_0797614,en,"Flakes off by the end of the day

Wipes off with a wet washcloth but I had particles under my eyes by 9pm. Not great for contact users. I love the Blinc tube mascara, but I was trying to save a little money. This is not a good replacement.",1,enriched,service,négatif,absent,absent,absent
en_0262449,en,"False advertisement

Would give 0 stars if possible. Bought this for my niece and would never give such a hunk of junk as a gift. It was advertised as Sterling silver and nowhere on the package or item say's 925. Very disappointed. I ordered a beautiful silver necklace and received costume jewelry. I've already started the return process",1,enriched,delivery,négatif,absent,négatif,absent
fr_0997987,fr,"Gadget qui ne fonctionne pas

Brumisateur ne fonctionne pas du tout et ventilateur très bruyant Beaucoup trop cher pour ce qui n est en fait qu un gadget",1,enriched,price,négatif,négatif,absent,absent
en_0658523,en,"Seller Issue

Had to return but the seller was unethical but Amazon did stand behind the customer with the proof provided",3,enriched,service,absent,absent,absent,négatif
en_0393316,en,"Fake, broke in half (Seller is Quality Area)

I got mine from 'Quality Area' Broke in half on the third use, just outside the return window. This appears to be a cheap counterfeit and not the OE Vitamix Tool.",1,enriched,service,négatif,neutre,absent,absent
fr_0372156,fr,"niquel

j'ai recu le livre rapidement et dans un emballage parfait. je recommande le vendeur mais aussi l'écrivain pour ce beau petit livre",5,enriched,service,positif,absent,positif,positif
fr_0549275,fr,"Lamentable!

Colis reçu sans qu'on se soit donné la peine de mettre du papier bulle! Je pense que c'est tout de même la base quand on envoie ce type de produit. Le livre est arrivé complètement déformé! Vive le professionnalisme!",1,enriched,delivery,négatif,absent,négatif,absent
fr_0288058,fr,"bien et jolie

correct sur prix et qualité",4,enriched,price,positif,positif,absent,absent
fr_0315053,fr,"Bien

Sur le lot 1 cartouche noir ne veut pas s'aligner dans l'imprimante ( pas de reconnaissance). Le vendeur très professionnel ma envoyé une nouvelle cartouche noir sans problème.",4,enriched,service,négatif,absent,absent,positif
en_0303904,en,"Good lookibg

Over priced, good customer service",3,enriched,service,absent,négatif,absent,positif
en_0218592,en,"Anything but

Super absorbency is what the product is sold as, yet is anything but super absorbing. For someone who is looking to find something that can super absorb for more than 4 hours this is not it. Stick with name brand. The packaging is hard to get into. The applicator and plunger are difficult compared to other brands. You have to grip the sides just to detach the two of you know what I mean. These probably last two hours. Got these last minute and am not stuck with them. Will only use them on lighter days. Not worth it unless one wants a mess and doesn’t stay on top of them. For those who suffer from blood issues don’t bother.",2,enriched,price,absent,négatif,neutre,absent
fr_0453791,fr,"Traduction en français svp

Reçue comme prévu, semble fonctionner, mais je n’ai pas réussi à la faire fonctionner : descriptif en anglais pas très compréhensible ! Ça serait plus correct de la part du vendeur de joindre un mode d’emploi en français",3,enriched,service,neutre,absent,neutre,absent
fr_0408294,fr,"Recommandé sans hésiter

Je l’ai offerte et elle a énormément plus, la couleur est très sympa, la pochette est fine, et la matière velours intérieur est génial ! Rapport qualité prix très bon !",5,enriched,price,neutre,neutre,absent,absent
fr_0812853,fr,"Extracteur de goujon

Un écrou de vilebrequin où la tête était abimée et bien serré. Évitez d'utiliser la clé à choc car risque de casser l'extracteur. Par contre SAV impeccable et réactif. Je conseille l'achat de ce coffret.",4,enriched,service,absent,absent,absent,positif
en_0979104,en,"Easy to clean nose pieces discontinued?

Wanted the inline nose pieces but no longer available. Seller tried to resolve but desired parts no longer available.",4,enriched,service,neutre,absent,absent,neutre
fr_0563719,fr,"C'est beau la technologie !

J'avoue que c'était avec un grand scepticisme que je décidais d'acheter ces produits. Seul le prix me disait que le risque était limité, pour le reste, je n'y croyais absolument pas. Et puis, une fois installé, ce système s'est avéré redoutable. C'est encore pire qu'avant, en plus, maintenant, les chats se moquent de moi ! Mais ils rigolent !!! Trêve de plaisanterie, aucun effet.",2,natural,none,positif,neutre,absent,absent
fr_0430259,fr,"Aiguille manquante...

Manque l'aiguille donc pas utilisable... J'attends des nouvelle du vendeur, je remettrais les étoiles quand ce sera résolu, sinon ça a l'air de qualité...",3,enriched,service,négatif,absent,absent,neutre
en_0685546,en,"Need better package protection

Nice mug, the reason for the review it’s because when I open the package one of them was broken, if you buy something fragile they should put more protection or maybe a note in the box that says it’s fragile,",1,enriched,delivery,négatif,absent,neutre,absent
fr_0894019,fr,"trés bien

Un peu déçu par rapport a mon galaxy note 4 . Mais service livraison au top et vendeur efficace.",4,enriched,service,négatif,absent,positif,positif
en_0613426,en,"Nice cardigan

Very pretty and quality for the price. Cute with jeans.",5,enriched,price,positif,positif,absent,absent
fr_0700763,fr,"Déçu !!!

Déçu non seulement reçu avec du retard mais en plus la baguette magique est arrivé casse à fille était vraiment déçu !!",1,enriched,delivery,absent,absent,négatif,absent
en_0155146,en,"I like this product

I like this product, it works very well for me, However, placed 2 orders with the seller, total 12 bottles, all will be expired within 2 months.",2,enriched,service,neutre,absent,absent,absent
en_0370521,en,"Pretty good!

This is a very decent set of taps for the price. They are not made to the tightest possible tolerances but work well enough for my purposes being used for low stress joining of pla plastic parts. I bought a different set from a different seller, for more money and they arrived loose in a ziploc, this set came in a nice case.",4,enriched,service,absent,positif,neutre,absent
fr_0851849,fr,"4 étoile même si arriver casser

Je mets 4 étoiles à cet article même si je l'ai reçu casser et ce n'est pas de la faute de Amazon mais je pense au niveau de transport dont le transporteur article conforme à la description",4,enriched,delivery,positif,absent,négatif,neutre
fr_0678148,fr,"pratique

compact ,pratique ,pas cher....quoi d autre ?",4,enriched,price,positif,positif,absent,absent
fr_0586784,fr,"Bonne protection!

La qualité semble costaud, à voir désormais avec le temps...La coque est épaisse et l'avantage de la couleur flashy, c'est qu'elle ne se fond pas dans le décor, comme une housse noire par exemple ! Cela peu paraître bête, mais nous retrouvons rapidement notre ipad dans la maison, en un coup d'oeil ! Le + : le stylet offert!",5,natural,none,neutre,absent,absent,absent
en_0881522,en,"Very disappointed..

Been one week since I bought this flute and there is a crack running down from the mouth piece. Very disappointed...",2,natural,none,absent,absent,absent,absent
en_0705528,en,"Never received them scam!

Never received them didnot received money back or the item",1,enriched,delivery,absent,neutre,négatif,absent
en_0528266,en,"Good price, but not as advertised

I was disappointed that the description and pictures showed thermal boot socks and what showed up was 3 packs of mens socks that are normal length. Also, very little elastic around top so socks end up in a wad around the ankle. This purchase was to help the homeless, but I hesitate to give these to them. Great price, but not what was advertised. Update- I contacted the seller and was pleased that they responded quickly and replaced the socks. Thank you",2,enriched,service,absent,positif,absent,absent
fr_0733138,fr,"fragile

Bien,mais tout petit et léger .correspond au prix quand on ne peut pas acheter plus cher.A voir dans la durée.",3,enriched,price,négatif,neutre,absent,absent
fr_0431937,fr,"Un peu petit...

Modèle réduit. On s'attend à une boîte un peu plus grande ! Mais le prix reste raisonnable. Le vendeur pourrait apporter plus de précisions sur le produit.",2,enriched,service,neutre,positif,absent,absent
fr_0182614,fr,"Cher mais conforme à la description

Ma fille est contente. Bon produit.",5,enriched,price,positif,neutre,absent,absent
fr_0057585,fr,"Très bon rapport qualité prix

Produit de qualité conforme à la description",5,enriched,price,positif,positif,absent,absent
fr_0158138,fr,"non reçu

, je ne recommande pas ce vendeur, j'ai attendu 45 jours, et au final je n'ai pas reçu le produit je me suis fait baladé",1,enriched,service,absent,absent,négatif,absent
fr_0098029,fr,"pochette documents

reçu dans les délais, couleur aléatoire mais convient bien, qualité égale à d'autres grandes surfaces",5,enriched,delivery,neutre,absent,positif,absent
fr_0068633,fr,"Applique ou plafonnier

Ce produit est une pure merveille, je recherchais un plafonnier pas trop descendant en style industriel mais ne trouvant pas, j ai pris cette applique que j’ai détourné en plafonnier. L effet est bluffant, et a ce prix il ne faut pas hésiter.",5,enriched,price,neutre,neutre,absent,absent
en_0986028,en,"Go for it!

Very nice glasses, especially for the price point. The glass is thick and sturdy!",5,enriched,price,positif,positif,absent,absent
fr_0478948,fr,"Facile utilisation

Très pratique, de facile d'utilisation, très performant comme une machine d' haute gamme à prix très abordable.",4,enriched,price,positif,neutre,absent,absent
en_0264603,en,"It works!

I bought this for my boyfriend since he complained about his blackheads and he loves it! It wasn’t painful to peel off and it took a lot of funk out of his pores. It’s an awesome mask especially for the price.",4,enriched,price,positif,positif,absent,absent
en_0088461,en,"Nice camera good price but my son seems to think ...

Nice camera good price but my son seems to think there are other things that have to be downloaded in order to use it",2,enriched,price,absent,positif,absent,absent
en_0117083,en,"Great pot ,keeps coffee hot!

Brews well and keep the coffee hot. As long as you warm up the carafe prior to filling it up with coffee. I owned a previous coffee maker ,same unit different brand name and it lasted 4 years. Considering Im used to getting a year out of a coffee maker . Its worth it.",5,enriched,price,absent,neutre,absent,absent
fr_0265376,fr,"Fragile

Sympa pour un enfant mais vraiment fragile ... Plus une deco qu'une véritable boite de jeux",3,natural,none,négatif,absent,absent,absent
en_0114205,en,"Great rack, especially for the price

Awesome product for the price. Had another brand last year that I ended up returning to the home center. Was skeptical when I purchased this one because of its low price but am happy to say I was pleasantly surprised. It’s was very quick and very easy to install and is much sturdier than the previous one I had. Would highly recommend this rack especially for anyone that doesn’t need something permanent or likes to take it off and on depending on their need",5,enriched,price,neutre,positif,absent,absent
en_0105932,en,"Well Worth the Investment

After six months of daily (hourly) use, I can say this beats the Gerber I had, hands down. My previous tool (Gerber) broke within days of use, but I was able to limp along for a few months. I've been putting this Leatherman through the ringer on a regular basis and it seems to withstand everything. The knife is long enough to be useful, the screwdrivers work well, and the locking mech is easy to use. This is a must have for anyone - man or woman - that takes themselves and their abilities seriously.",5,enriched,price,négatif,positif,absent,absent
en_0897398,en,"Funny

Funny but cheap, should cost less.",3,enriched,price,absent,négatif,absent,absent
en_0749373,en,"Sometimes needs to be ""woken up""

Works ok - I find I have to wipe it on my palm periodically to get it to ""wake up"" sometimes. I try to use it and it is like it is not connected to the laptop - wipe it on my palm and suddenly it tracks on the screen. Update - while I consider the issue with the device to be slight annoyance, the seller has gone above and beyond to try and provide customer satisfaction. So for that they get a 4-star review.",4,enriched,service,neutre,absent,absent,absent
en_0218617,en,"I it important to me to have a good fit and the dress to look nice

Ii wanted a white sheath, and this one looked as if it might be adequate. I did not like the material, the style, or the fit! I would not recommend this dress at all. I want to return it but I am having difficulty doing that. As many things as I purchase from Amazon. I am very unhappy that I cannot return this dress. I tried to call several weeks ago to obtain a return label, and I got someone on the phone who appeared to me to be a scam person. He said I should go a purchase a gift card and then someone from AMazon would come to my house and retrieve the dress and leave a dress of my choice!!!! Amazon, your telephone number has been compromised! Meanwhile I have a dress that I do not want! Ii think we need to talk!!!",1,enriched,service,positif,absent,absent,absent
fr_0300305,fr,"Poste MiG sans gaz

J'ai reçu et testé ce poste MiG sans gaz et franchement c'est un superbe achat de très bonnes qualités",5,enriched,delivery,neutre,absent,neutre,absent
en_0418262,en,"Disappointing

I have owned Royal shredders before and I have been more than satisfied. This model is poor at best. The capacity is smaller than expected and it overheats after 10 minutes of use - 2 or 3 sheets at a time. Not what you would expect from a 12 sheet capacity model with a CD shredder. I'm VERY DISAPPOINTED! The only good news is that the seller shipped immediately ant it arrived earlier than promised or expected.",2,enriched,service,négatif,absent,neutre,absent
fr_0671746,fr,"Je recommande ce vendeur

RAS, tout est nickel !",5,enriched,service,absent,absent,absent,positif
en_0531747,en,"Four Stars

One of the best wedding gifts my cousin received!!! Good quality and am interested in other like products.",4,enriched,delivery,positif,absent,neutre,absent
en_0230321,en,"Good for one-time use only

This sharpener worked really well the first time I used it. The second time I used it, it wouldn't sharpen anything. I've tried emailing seller about this, but have not received any reply.",1,enriched,service,négatif,absent,négatif,négatif
en_0269008,en,"Got the book...not in good condition though.

The front and back cover’s are torn in many places. Run down. But it’ll get the job done I suppose. Owner should reconsider renting price due to poor quality.",3,enriched,price,négatif,neutre,absent,absent
en_0796961,en,"This company does not care about the condition the merchandise is when is reaches the customer

This company stuck the contigo mug in the box and did not have any bubble wrap, just the mug inside the box. All the other companies I have bought products from have used bubble wrap to protect their products.. This company clearly does not care about what condition their products end up in when they reach their customers",2,natural,none,absent,absent,absent,absent
en_0218272,en,"Haven't try the pruduct yet, but the shipping was ...

Haven't try the pruduct yet, but the shipping was a mess. As the discription, one order supposed have 2 pack, I received only 1 pack. I contacted with Amazon, they refunded me and asked me to re-order. The second shipment came, there is still 1 pack inside. Please clarify if it's 1 or 2 pack per order.",1,enriched,service,absent,absent,neutre,positif
en_0975545,en,"Easy to assemble, cheap, useful, but not particularly sturdy.

While I like these shelving units (enough to buy 3 of them), and love how easy they are to assemble (takes about 5 minutes), I have to say that the plastic is not as sturdy as I had hoped and expected. The plastic is fairly thin and without any metal rod supports underneath, and not even much plastic support on the bottom side either. I would not even think about putting even half the weight the each shelf supposedly supports unless you want the shelves to bend/curve towards the center. Still, if you put lighter things on the shelves it is decent and helped me organize our tiny detached garage better (and lay a long Thule cargo box on top as well).",3,enriched,price,positif,neutre,absent,absent
en_0410026,en,"Is good for price

The signal is not good for long distance",3,enriched,price,absent,neutre,absent,absent
fr_0343100,fr,"ARTICLE JAMAIS RECU

Je suis très déçu du service rendu par le vendeur. Je peux comprendre qu'il y ai du retard pour les livraisons, soit. Mais au point de me communiquer aucune informations je trouve cela plus que limite! C'est pour cela que j'ai demandé à être remboursé plutôt que de faire une nouvelle livraison chez ce vendeur!",1,enriched,service,négatif,absent,négatif,positif
fr_0227997,fr,"Parfum

Prix qui reflète la qualité du produit. C'est à dire très médiocre.",2,enriched,price,négatif,neutre,absent,absent
en_0076234,en,"Four Stars

Good book. Disappointed I didn't purchase the physical book which has nothing to do with the seller. I",4,enriched,service,absent,absent,absent,absent
en_0581657,en,"Good product

!Good Guitar strings for the price.Would recommend it!",4,enriched,price,positif,positif,absent,absent
fr_0169601,fr,"Très bien

Très bon rapport qualité prix. Les cintres sont en bon état et solides, et la couleur rend très bien. Je recommande",5,enriched,price,neutre,positif,absent,absent
fr_0697292,fr,"Mauvaise expérience

Produit que je n’ai pas en main propre car l échange avec le vendeur n est pas très claire et il a fallut que j envoie un message pour obtenir le numéro qui me permettra si celui n’est rien as répartis chez le vendeur de l obtenir",2,enriched,service,neutre,absent,absent,absent
fr_0391606,fr,"DÉÇUS

JE TROUVE DOMMAGE QU'ON NE PUISSE PAS CHOISIR SES PARFUMS ET L'HUILE N'EST PAS COMME SUR LA PHOTO VENDEUR",2,enriched,service,absent,absent,absent,absent
fr_0479203,fr,"Parfait

Très satisfaite. Pleins de tailles, bonne qualité et petit prix. Je recommande sans soucis",5,enriched,price,positif,positif,absent,absent
fr_0445971,fr,"Très bon son

Pour le Prix et le nombre de watts, le son est rendu est vraiment bien. Je recommande surtout en appartement !",4,enriched,price,absent,neutre,absent,absent
en_0166759,en,"Don't buy. Save time and money, go to a podiatrist.

Really hurt my feet. I gave it time and couldn't handle the pain. 3rd party vendor wouldn't refund my money. I think they're scammers. Amazon was awesome, they actually refunded my money as a gift card. I'm pleased they did this.",1,enriched,service,négatif,neutre,absent,négatif
en_0992096,en,"Not worth the money!

Worked for one day, after that the umbrella would not close. I missed the return window!",1,enriched,price,neutre,négatif,absent,absent
fr_0896759,fr,"ne produit aucun effet

Je pense que les mouches faisaient leur sieste dessus.... Bref aucun effet visible, et en plus n'a plus fonctionné après 5 jours. Merci Amazon pour la bonne gestion de retour de produits.",1,enriched,service,négatif,absent,absent,positif
fr_0287155,fr,"La métamorphose de Franz Kafka, Version CD

Pour le plaisir d'écouter un film tiré d'un livre que j'ai aimé. Reçu en parfait état. Bien emballé.Totalement satisfait.",5,enriched,delivery,positif,absent,positif,absent
fr_0148405,fr,"Emballage endommagé

Le colis et son contenu arrivé endommagé, soit l'emballage est insuffisant, soit a été ouvert par quelqu'un... Trop tôt pour évaluer le produit en lui-même.",3,enriched,delivery,neutre,absent,négatif,absent
en_0900863,en,"You cannot turn off beeps and it is loud

I ordered this because of the high ratings, but mostly because of the fact that you cloud turn off the beeps and that is was supposed to be very quiet. I got it yesterday. There is no way you can turn off the beeps, no ECO, function and it is much noisier than my last microwave. The manual doesn't mention any of the features that the ad does. I contacted the company and they want me to send in a video of the problem. You can't video what isn't there. Therefore I'm returning it. It works , but there is not truth in the advertising of this product by the Aicok company.",1,enriched,service,négatif,absent,absent,absent
fr_0258324,fr,"Pas de possibilité d'utiliser la tablette

le problème c'est que le câble, est chargeur branchés, rien ni fait la tablette, ne veut pas ce charger. je ne peut pas utiliser la tablette déchargé??? aucune autre possibilité de la faire fonctionner. De Plus Le Chargeur fourni avec à lâché, il ne recharge rien, même pas un téléphone ???? Je demande au vendeur SVP que faire Je n'ai pas d'autre Chargeur ????",4,enriched,service,négatif,absent,absent,absent
fr_0680996,fr,"N’importe quoi

J’ai reçu une boîte vide !!!",1,enriched,delivery,absent,absent,négatif,absent
fr_0207953,fr,"Bonne protection multiples .

Veste un peu courte , prendre une taille au-dessus , bonne protection .",4,natural,none,neutre,absent,absent,absent
en_0037129,en,"Very poor touch sensitivity and response

You'd need to click/tap hard and multiple times and quickly get frustrated after a while and throw away this cheap screen protector.",1,enriched,price,absent,neutre,absent,absent
en_0444301,en,"I know they have a photo on Amazon, but this things are way too small.

I just received this Clay blocks and immediately decided I will not use them. These are way too small. They look very cheap and the bag says they are made in China. Maybe it's just me but they don't look like a quality product. I know they are low cost, then I will take this loss for ordering something cheap. I definitely do not recommend this product unless is fora very small project. I gave them 3 stars for Easy to use because I know they will not be comfortable in my hands.",3,enriched,price,négatif,neutre,neutre,absent
en_0834811,en,"Cheap price, but rugged durabilty

Was skeptical at first. Took me a while to install at since i didn't know it came with instructions lol. Gave it to my little girl as the pink color grabbed her attention. 5 minutes in see her jumping up and down behind the couch sure enough i look over and she's jumping up and down with her cowboy boots right on the screen. To my surprise the case and built in screen protector did it's job. Not one single scratch or crack on the ipad. Will definitely buy again if needed.",5,enriched,price,absent,neutre,absent,absent
fr_0926008,fr,"Conforme à la description

Satisfaite de mon achat.les chaussettes sont douces,souples et les picots sont vraiment antidérapant .",5,natural,none,positif,absent,absent,absent
fr_0039980,fr,"Hors service au bout de 20 jours...donc retour et remboursement gratuits.

Batterie reçue à temps et installation assez facile grâce à un tutoriel vidéo trouvé sur youtube. A très bien fonctionné pendant presque 3 semaines, puis un matin ma tablette n'a pas voulu démarrer. Comme elle avait été vendue et expédiée par amazon, j'ai utilisé le service amazon ""bon de retour et de remboursement gratuit"" avant son expiration de 30 jours après la date de la commande. J'ai donc renvoyé la batterie soigneusement emballée dans son emballage d'origine au service retours d'amazon (il faut imprimer une étiquette de retour prévue à cette effet depuis votre espace personnel) dans les délais, et j'ai été remboursé sans problème au bout d'une semaine. Malgré le remboursement rapide et total de la batterie, je déconseille toutefois ce produit que je n'estime vraiment pas fiable sur la durée (garantie constructeur de 1 an seulement). J'ai quand même eu de la chance qu'elle lâche avant la fin du délai de retour gratuit...mais je ne prendrais le risque une nouvelle fois avec cette référence. A vous de voir... ;-)",1,enriched,service,négatif,absent,positif,positif
en_0876684,en,"Not happy with this purchase

Umbrella would be cute if it would open and catch. The one I received was badly designed and would not push up far enough to catch and stay open. I also did not receive the black pants pictured and listed. The way it arrived it appeared to be a returned item as the bag had been torn opened and the cardboard top of packaged was inside the ripped open bag. Not happy with this purchase.",3,enriched,delivery,négatif,absent,négatif,absent
fr_0609101,fr,"chargeur à éviter

ne fonctionne pas ….. pas cher mais à éviter",1,enriched,price,négatif,positif,absent,absent
fr_0396775,fr,"Page abîmée

Livre reçu abîmé pour faire un cadeau c'est pas terrible",2,enriched,delivery,neutre,absent,négatif,absent
en_0346993,en,"ABSOLUTE CHEAP JUNK

Broken and missing items received.... glad it was only 10.00 but guess get what you pay for",1,enriched,price,négatif,neutre,négatif,absent
fr_0800576,fr,"Commande incomplète.

Reçu la commande incomplète, j'ai envoyé un mail et il m'a été répondu que le reste de la commande sera livrée ultérieurement ( sirène extérieure et le détecteur de fumée.",3,enriched,delivery,absent,absent,négatif,absent
fr_0986607,fr,"toujours pas reçue

J'ai toujours apprécié amazon pour le sérieux, la qualité et la rapidité des expéditions. Cette fois-ci, j'ai contacté le vendeur directement plusieurs fois : ce dernier élude mes questions et fait comme s'il ne comprenait pas ce que je demande. Je ne sais plus quoi faire.",1,enriched,delivery,neutre,absent,négatif,négatif
en_0251136,en,"Great Value

I've already misplaced my tweezers, but thankfully I have two more waiting in the wings in the sturdy box they came in. The tweezers themselves do an adequate job. I've had tweezers that are better at plucking fine hairs. That being said, I'd probably repurchase these.",4,enriched,price,positif,positif,absent,absent
fr_0721033,fr,"Bon mais léger et cher

Bon goût, mais très léger, il faut une grosse quantité d’infusion et comme elle est assez cher c’est un rapport qualité prix assez décevant",3,enriched,price,neutre,négatif,absent,absent
fr_0110959,fr,"très content

pas cher et jolie et surtout efficace, moi qui prend toujours une coque et qui ne fait jamais tombé le téléphone, là pour le coup celui ci a pris un gros vol et la coque me l'a sauvé",4,enriched,price,positif,positif,absent,absent
fr_0657166,fr,"article égal à la photo

l'article est égal à lui même mais j'avais envoyé un message au vendeur comme quoi l'adresse changeait car c'était un cadeau et ma demande n'as pas été faites donc déçue de l'avoir reçue et devoir le renvoyer au bon destinataire .",3,enriched,service,négatif,absent,neutre,négatif
fr_0162270,fr,"Changer la livraison

L'envoi rapide rien à dire sauf qu'il faut changer le moyen de transport car ca fait 4 colis qu'on me livre pas chronopost ne se déplace même pas !! Il dépose les colis direct au point relais!!!!",3,enriched,delivery,neutre,absent,neutre,absent
en_0770650,en,"Diffuser is bad and can not view the screen clearly.

I'm returning this camera because the diffuser is out and I'm not able to see the screen clearly. I've decided against a replacement as I have found more issues with this camera. I really didn't expect a lot from such a low-priced camera but, I would expect it to be of better build quality. I suspect that the camera is Interpolated 4K and not true 4K. I have a 4K laptop and I couldn't get the video to display in true 4K. Save yourself some headaches and put another 30 bucks with this price and get a better camera.",1,enriched,price,négatif,neutre,absent,absent
en_0818449,en,".

Unit was defective . One motor did not work and no camera feed . Sent back. Will re order hopefully have better luck with the next one. Update Will not reorder . They have had my return since wednesday it is now sunday and seller has not processed my return .",1,enriched,service,négatif,absent,absent,négatif
fr_0149372,fr,"Sans plus

Pas terrible !!! Je m'attendais à mieux mais bon pour le prix fallait pas s'attendre à une merveille. L'effet chauffant est inexistant pour moi.",1,enriched,price,absent,neutre,absent,absent
fr_0407060,fr,"Lit qualité prix très correct

Lit arrivé en deux fois. Un paquet le vendredi et l'autre un lundi... Du lit, rien a redire, vu le prix il est plus que correct, par contre cette odeur chimique qui ne part pas est très gênante.",2,enriched,price,neutre,positif,absent,absent
fr_0461516,fr,"Probleme de fiabilité et pas de SAV digne d’Amazon produit HS apres un an et non réparable

Attention kindle inutilisable après un an et deux mois d’utilisation. C’est inadmissible et service client mauvais qui après plus de deux semaines sans réponse me propose 15% sur l’achat d’une nouvelle kindle J’ai utilisé la kindle pour lire notament le soir et la nuit sans déranger ma conjointe en allumant la lumière (kindle rétro éclairée). J'étais très satisfait du côté pratique de cette liseuse malheureusement la durée de vie ne mérite pas qu’on l’achète. Il s’agissait d’une kindle reconditionée par Amazon et vendue avec la garantie un an. J’en conclu que ce produit avait déjà eu un problème réparé par Amazon et qu’il retombe en panne après un an. Il y a vraisemblablement des problèmes de fiabilité",2,enriched,service,négatif,absent,absent,négatif
en_0345319,en,"Good product but most arrived broken

I ordered these for classroom use and overall the product was great for that. However, not happy that of the 10 mirrors in the pack, 6 were broken in the corner. Not sure when that happened in the shipment and delivery process, but it is dissapointing.",2,enriched,delivery,négatif,absent,négatif,absent
en_0041934,en,"Use per video demo and they will really help support joints and tendons.

Love these for knees, achilles, and shin support. Definitely watch the short videos on how to apply for various needs. It's rare to have a problem with non-adhering. Remember to round off straight edges with scissors. I've kept it on for 24 hours with no problems, then remove in the bath. Gentler that way if they've been on a day. They don't irritate my sensitive skin either. Buy them monthly on subscribe and save. Won't go without them.",5,enriched,service,positif,absent,absent,absent
en_0210710,en,"Good value

Easy to put on and the stand works great",4,enriched,price,neutre,neutre,absent,absent
en_0910146,en,"Wall plug charger.

Why is it that the charger is USB C to long to charge. Why can it have a regular 5v charger. It looks well built but disappointed about USB charger especially I paid $100.00 dollars. I am contemplating returning it. Hope to hear from seller soon.",2,enriched,service,neutre,négatif,absent,absent
en_0686530,en,"Not bad, not great

It's a rather watchable fan fiction based after Christ's crucifixion and resurrection, a story of love, romance, life, and death that moves along at a nice pace. The acting isn't great but it's not horrible either. I agree with the other reviewer about the gore--it absolutely was not needed and in my opinion makes this much less a family-friendly production. I found myself having to adjust the volume a lot as some scenes were much too loud and others much too quiet. The music was overall enjoyable but some of it was overdone for the scenes it accompanied. Still, it's worth watching, especially if you're just looking for something to accompany needlework or some such.",3,enriched,price,négatif,neutre,absent,absent
fr_0788360,fr,"Bof

Mon badge se détache fréquemment ! Au niveaux des clefs aucun problème . Bref, mauvais rapport qualité / prix .",2,enriched,price,négatif,neutre,absent,absent
fr_0758273,fr,"Jamais reçu le produit.

Jamais reçu, remboursé par Amazon. Le vendeur a demandé 2 mois de délais supplémentaires soit disant bloqué à la douane chinoise.",1,enriched,service,absent,absent,négatif,neutre
en_0912547,en,"Freezes up all the time, no matter what I ...

Freezes up all the time, no matter what I did, even before I installed anything on it the apps that came with it would freeze up. Sent back for a refund, customer service for BLU gets more stars than the product.",1,enriched,service,négatif,absent,absent,positif
en_0893959,en,"Cute, comfy but sole fell off

I'm giving these shoes 3 stars because the shoes fell apart the 2nd time I wore them to work. I work indoors on carpet at a desk. I have wanted to find these shoes for a very long time and I was incredibly disappointed the sole detatched from the shoe. I did give 3 stars for a couple reason...Number 1. The customer service was outstanding! I sent them an email, they asked for pictures, I sent the attached and within 72 hours my money was refunded without having to return the shoes. Number 2. Had they not fallen apart I would have worn them all the time! Super cute and comfortable and the first day I wore they I got tons of compliments.",3,enriched,service,négatif,neutre,absent,neutre
en_0060043,en,"FALSE ADVERTISEMENT

I just received my package today and was expecting a MITCHELL & NESS Brand hat. Instead I received a NEW ERA Brand Hat. This is false advertisement and this is not what I paid for!",2,enriched,delivery,absent,absent,neutre,absent
fr_0628490,fr,"Grande surprise, un achat parfait et pas cher !

Je suis ravi de mon achat, ce presse citron est de très bonne qualité et bcp moins cher que la concurrence. Sans hésitation, je recommande.",5,enriched,price,positif,positif,absent,absent
fr_0498469,fr,"Coffret à bijoux

Conforme à la publicité du vendeur et qui nous donne entière satisfaction. Bonne conception et prix pas trop élevé pour cet objet.",4,enriched,service,positif,positif,absent,absent
en_0175468,en,"Not worth the money

it doesn't stay in place. Not worth the price",2,enriched,price,absent,négatif,absent,absent
en_0589615,en,"Beautiful but Fragile

I bought this acrylic sign for my mom's birthday cake. The sign is designed beautifully, however it is extremely delicate in the thinly cut sections. The product arrived broken at the 'a' in ""Happy"" and the 'y' in ""Birthday"" was completely separated. The laser cut in those areas were extremely thin and did not withstand the the impact from movement within the seller's packaging. Was not able to use it as gluing it didn't work out and there are no refunds/exchanges.",2,enriched,delivery,négatif,absent,négatif,neutre
en_0504517,en,"Don’t buy because you won’t receive!!!

I never even received my product. So I guess I don’t have much of a review other than this seller is sure quick to take your money but not deliver your product...... I’ll just go to Target.",1,enriched,service,absent,neutre,négatif,négatif
en_0351874,en,"It’s really little and not worth the money

It’s one of the few products like this on amazin",3,enriched,price,absent,négatif,absent,absent
en_0426196,en,"Stopped working after about 6 weeks

This worked nicely until it stopped working 6 weeks after I purchased it... about two weeks after the return window with Amazon ended.",2,enriched,service,négatif,absent,absent,absent
en_0309476,en,"Not as pictured

Kay’s is a great low carb/high protein snack, but be careful with this offer. Seems like they can include whatever they have on hand to fill the box. I expected more salty options based on the listing picture and details on the box. They replaced 4 of the 15 bags with something else (duplicates of other sweet varieties already in the box). Bummer. Not eligible for return and no way to alert seller to this issue. Double bummer.",2,enriched,service,absent,absent,absent,absent
fr_0055990,fr,"Emballer serai mieux

J’ai reçu le colis avec 3 jours de retard ça peut arriver, mais recevoir le colis « brut » même pas protéger dans un carton rien, avec l’etiquette D’envoie sur la boîte même dû jouet du coup la boîte est toute abîmée, certainement du au transport, ce qui n’aurai pas été très grave si cela était pour moi mais c’etait Un cadeaux que je comptais offrir et c’est pas très joli avec une boîte abîmée de partous",1,enriched,delivery,positif,absent,négatif,absent
en_0412988,en,"Never recieved

There again another one that was dropped off at the wrong house. It said it received it but no I haven't. Pick on the old people it the new way. Go to the store is my new way .",1,enriched,delivery,absent,absent,neutre,absent
en_0862313,en,"Amazing

Basically it was good verses evil learning that devil can love too. This story has lot of mystery, excitement, action and romance",4,natural,none,positif,absent,absent,absent
fr_0591428,fr,"Conforme à la description.

Article conforme à la description facile a posé. Petit default peut être pour ceux qui utilise l'empreinte pour déverrouiller le téléphone. Caché par la coque j'utilise perso la reconnaissance facial. Vendeur OK",4,enriched,service,positif,absent,absent,neutre
fr_0798661,fr,"Amoire reçu incomplet honteux!!!!

Amazon c'est une catastrophe ,j'ai reçu le produit incomplet,le service client sont des incompétents il faut des heures au telephone pour que le remboursement soit effectué ,avec du hors forfait c'est une honte!!!",1,enriched,service,négatif,absent,négatif,négatif
en_0748636,en,"Cute Campfire Set and Not That Small.

This campfire is so great. It's also not that small, I'm not sure what some of the other reviews were expecting. The logs are about 1ft long each. The kids love setting it up and and rearranging all the rocks and logs and I love the imagination it brings out. Bonus the canvas bag that it comes with to store all the parts makes me SO happy. Well worth the price.",5,enriched,price,positif,positif,absent,absent
fr_0974490,fr,"Livraison très mauvaise

Commander mi-novembre et prévu pour offrir à noël (avec livraison estimée avant noël) et en ce 6 janvier toujours rien reçu, j'ai contactée le vendeur pour plus d'information mais n'est reçu qu'une réponse pas clair, j'espère tout de même finir par recevoir le colis mais je suis très déçu ...",1,enriched,service,absent,absent,négatif,négatif
fr_0906695,fr,"Service Prime au top! Mais pas le bon produit...

Image du produit ne correspond pas au produit livré il manque la jupe d'isolation... Voir image ancien embout cassé et embout livré Donc je suis déçu.MAIS Amazon a remboursé sans exigé le retour du produit ! Bravo Prime !",3,enriched,service,négatif,absent,négatif,positif
fr_0239513,fr,"Nulle, La photo parle d'elle même, dommage qu'il n'y ait pas 0 étoile

Vous regardez la photo jointe, vous comprenez tout de suite que 39/42 normal est beaucoup plus grand que le 39/42 de ce vendeur, impossible à enfiler, c'est 20 euros jetés par la fenêtre, le dialogue avec le vendeur est exclusivement en allemand. fuyez fuyez fuyez.",1,enriched,service,négatif,absent,absent,neutre
en_0610592,en,"One Star

Both of the cups arrived broken.",1,enriched,delivery,négatif,absent,négatif,absent
en_0171819,en,"Did not fit our tables

These did not fit the 6’ tables we had. I double checked the sizing on both the covers and the tables before purchasing and confirmed they matched. Unfortunately, they did not fit, even after two people stretched them as far as they could to get them to wrap around the table. I would return, but Amazon tells me the return window has closed. I do not recommend these.",1,enriched,service,neutre,absent,absent,absent
fr_0512550,fr,"Très bon rapport qualité prix

Très belle montre. Belle finition et à un sacré style",5,enriched,price,positif,positif,absent,absent
fr_0699782,fr,"livraison nickel

Arrive toujours en bon état et vite",5,enriched,delivery,absent,absent,neutre,absent
fr_0883957,fr,"esthétiquement intéressant

Bonjour, en général ce produit est adapté aux porte-clefs que je fait . La couleur est brillant, cela ressort assez bien sans être trop bling bling. Je suis satisfaite de cet achat. Je recommande ce vendeur.",4,enriched,service,positif,absent,absent,positif
fr_0793049,fr,"Arnaque totale

Ce vendeur arnaque totalement ! Il n'envoie pas ce que vous voyez sur la photo, seulement 1 protection en verre est disponible. De mauvaise qualité, elle ne protège pas les bords et elle est beaucoup trop petite ! Passez votre chemin",1,natural,none,négatif,absent,absent,négatif
en_0094964,en,"interesting but not what I was looking for

I received a slightly tilted item. I thought this is how it was designed. It was better to hold like that as well, but later I saw that the main shaft is bent/damaged, and that's why there was the tilt. Also the material of the umbrella is not the best one. It should be water repellent or resistant, but it seemed like it was getting wet.",4,enriched,delivery,neutre,absent,neutre,absent
fr_0682075,fr,"Article jamais reçu

J'ai commandé 2 matelas que je n'ai jamais reçu. Le transporteur (Chronopost) sans raison apparente, a décidé de retourner l'article parce qu'il ne souhaitait pas livré à domicile. 25€ pour une non livraison.... changement de transporteur nécessaire ? Impossible de noter l'article",1,enriched,delivery,absent,absent,négatif,absent
fr_0200354,fr,"joli coffret

le colis a été livrer en temps et en heure merci tres joli coffret ma fille est ravie je recommande ce vendeur",5,enriched,service,positif,absent,positif,positif
fr_0385067,fr,"Mauvaise taille reçue

J’ai commandé un S et j’ai reçu un M. Et la taille M est plutôt une taille XL...! Donc je n’en peux rien en faire. C’est la deuxième fois que je reçois un article avec la mauvaise taille, je ne recommenderais plus",1,enriched,delivery,neutre,absent,négatif,absent
en_0927637,en,"Chair ripped after just a few months

The fabric on the arm of this chair ripped after just a few months. The seller said they would send a replacement. I've reached out to them twice and while they said they would replace it, I haven't gotten the replacement.",1,enriched,service,négatif,absent,absent,négatif
en_0146823,en,"Nicely packaged and delivered promptly as promised

Received product but have not been utilized since on our trip begins on 23 February to Australia. Nicely packaged and delivered promptly as promised. I will provide review of the adaptors upon return in April, 2018. Thank you for your service.",4,enriched,service,absent,absent,neutre,absent
en_0153860,en,"Better books available

Poorly written book. The author takes 100-150 pages to write an autobiography of his life. Could have been said in 1-2 pages. He's not famous so I don't know why he thinks anybody would care about his life prior in that much detail. I've never seen that before in an NDE book. I don't know if I believe his NDE. He apparently dies, gets transferred to another hospital, etc. Then after all that comes the NDE, not interwoven in the details as it allegedly happened. It's like it's an afterthought. The way the book was written you think you are buying three separate books: an autobiography, memoir of his medical emergency and then an NDE book. That the book received prior 5-star reviews (and only 5-star reviews up until this point) suggests the possibility the reviews were bought, or biased reviews from friends/family in an effort to support his work. Read other NDE books and you'll see how badly written this book is, not a 5* book by any means.",2,enriched,delivery,absent,absent,neutre,absent
fr_0036744,fr,"Pas contente

La boite est arrivée très endommagée. De plus, elle sent le renfermé à croire qu'elle a pris l'eau... Je ne rachèterai plus chez ce vendeur",1,enriched,service,absent,absent,négatif,négatif
fr_0742409,fr,"Imposible d'évaluer le produit.

Produit pas encore reçu, pourtant identifié comme livré. A suivre. Décidément le transport!! et désolé pour le vendeur!",1,enriched,service,neutre,absent,négatif,neutre
fr_0426501,fr,"Pour ma part défectueux

Je ne peux pas juger l’écran à reboot mon iPhone 7 la qualité avait l’air bonne l’emballage niquel mais j’ai renvoyé l’article et ai commandé un autre écran 2 fois moins cher chez un concurrent qui fonctionne parfaitement",2,enriched,price,positif,positif,neutre,absent
fr_0526458,fr,"Très mauvais emballage. Dommage.

Je n'ai pas encore testé la montre mais je suis très déçu de l'embalage . J'avais a peine retiré mon colis de ma boite aux lettres que la montre tombait du carton tellement celui ci était très mal adapté !!!",2,enriched,delivery,absent,absent,neutre,absent
en_0027888,en,"Kids are fascinated

It works just fine, but a ball came off during shipping. Hot glued it back on, then had another one fall off. Haven't had the chance to glue it back on, but still have it. My students are fascinated by it.",4,enriched,delivery,neutre,absent,neutre,absent
fr_0304142,fr,"je souhaite modifier ma décision

bonjour, je vais accepter l'offre du vendeur, à savoir le remboursement de 30 % sur le produit que j'ai reçu, merci par avance, cordiales salutations, MR",1,enriched,service,neutre,absent,neutre,positif
fr_0480622,fr,"qualité mediocre

le support est arrivé KC , qualité vraiment médiocre , je n'ai pas pu renvoyer le support car j'ai jeter l'emballage avant de voir que celui-ci était KC ( au niveau du blocage de l'extension ) je ne recommande pas .",1,enriched,delivery,négatif,absent,neutre,absent
fr_0912152,fr,"ne fontionne pas

il accepte le nominal de 12 volts mais n'envoie pas de tension pour charger les batteries et n'envoie aucune tension pour l'utilisation directe, c'est frustrant il a fonctionné 4 heures et depuis plus rien. je deconseille l'achat de ce produit peu fiable et le vendeur quelle deception",1,enriched,service,négatif,absent,absent,absent
en_0552326,en,"Poor packaging and no return policy

So I bought this and it arrived quickly. To say I am disappointed in the packaging, is an understatement. When I opened the undamaged box immediately I could smell something. I picked up the package out of the box and noticed it felt slightly damp. Looking closer I noticed the bottle was not completely full....it is down about an 1 inch or so. The inside of the package the bottle came in, contains some of the missing liquid. I am NOT happy especially about the inability to return or exchange it for a full undamaged bottle. I will not purchase from this seller again. Not sure about the product....it may need thrown out.",3,enriched,service,absent,absent,négatif,négatif
fr_0987860,fr,"Nul jamais reçu

Nul jamais reçu, le suivi indique: Le colis a été laissé dans la boîte aux lettres, ma boite au lettre est beaucoup trop petite. Vous allez vous foutre de la gueule du monde longtemps???",1,enriched,delivery,absent,absent,négatif,absent
en_0242798,en,"I have zero regrets and it is one of the best furniture purchases I've made

Have had the sofa for about eight months now. I based the decision to buy this product on the overwhelming positive ratings, price and the product itself. So I will provide my positive comment as well. If it's at your price point, will be used regularly, be subjected to a normal level of abuse, it's the color and size needed then BUY IT. I have zero regrets and it is one of the best furniture purchases I've made. And the fabric does look and feel like leather. Five stars.",5,enriched,price,neutre,neutre,absent,absent
fr_0506955,fr,"Mon fils est aux anges !

Montre Lego très sympa ! De bonne qualité! Mon fils en rêvait ! Produit sympa et fin ! Mon fils peut l'adapter a la taille de son poignet il est ravit ! Comme tout ce qui est lego un peu cher pour ce que c'est ! Je recommande !",4,enriched,price,positif,neutre,absent,absent
en_0829915,en,"Too small for the price

Way smaller than I expected. Returned.",2,enriched,price,négatif,positif,absent,absent
en_0391522,en,"STAY AWAY you won’t receive anything, not even a reply.

Did not receive the weights and after repeated attempts to contact seller with no response I’m writing this review to tell you STAY AWAY. After looking around their price is not that good, try Target instead at least you’ll get the items you bought.",1,enriched,service,absent,négatif,négatif,négatif
fr_0123567,fr,"Bien un peu large

Enfait Il est arrivé un peu enroulé j'ai du le mettre sur une tête a perruque pourqu'elle prenne forme bon j'imagine que c'est le résultat mais comme c'est large ça fait bizarre un peu mais c'est beau je pense que pour livrer le vendeur devrait mettre dans un plus gros paquet emballage parceque c'était écrasé et rouler",3,enriched,delivery,positif,absent,neutre,absent
en_0814382,en,"Rusty?!?!

We got this as a gift for our children. It was very easy to put together, although I suggest supporting the player's bases from underneath while you push them in. My son was SO EXCITED to play it.... and noticed the vast majority of metal poles are RUSTY! EWWWW. My son said, whatever we touch the rubber knobs. He is loving playing with it. But still, that's unacceptable. I contacted customer service and left a message..... I'll updated my review if they respond.",2,enriched,service,négatif,absent,absent,absent
en_0225354,en,"I’d buy again if I ever needed another analog RCA

Good quality as far as I can tell. I used two of them to connect satellite speakers to my Vizio 5.1 soundbar. They fit VERY snug, and arrived in a bag within a box with a piece of Velcro included.",4,enriched,delivery,positif,absent,neutre,absent
fr_0134897,fr,"Coût trop important

Prix trop excessif par rapport au manque de qualité de l'appareil.",4,natural,none,neutre,neutre,absent,absent
en_0237721,en,"It fits good and seller followed through with promt

The cover is very thin. It offers little protection other than keeping dust off of the car. It fits good and seller followed through with promt delivery",3,enriched,service,négatif,absent,positif,positif
en_0958545,en,"not as good as it should be

camera does not work hard to get amazon to call back or let me return",3,enriched,service,négatif,absent,absent,négatif
en_0448566,en,"Smaller than expected

Cheap locks/latches pieces broken upon arrival, super soft wood and smaller than expected.... Instructions not very helpful had to guess on hinges on nest section. Would have returned it but the 2hrs worth of work to assemble it I have to try and use it, not sure it will hold 4 hens, maybe better for 2 hens or a rabbit",1,enriched,price,négatif,neutre,absent,absent
fr_0357738,fr,"Service client pitoyable

Service client pitoyable : après avoir refusé la livraison de ma commande afin qu'elle me soit remboursé ( comme le service client me l'avait conseillé) j'attend toujours mon remboursement depuis plus de 3 semaines sans biensur n'avoir aucunes réponses à mes mails ni appels. Un conseil : soyez sûr de vos achats",1,enriched,service,absent,absent,neutre,négatif
en_0220243,en,"Pretty good value

The water squirters lasted a day but I expected as much. The other toys are made pretty well. The price was well worth the hours of fun in the pool! All in all, I would purchase again just for the diving toys and storage bag.",4,enriched,price,absent,positif,absent,absent
fr_0673594,fr,"Bonne protection

Je le recommande tout simplement. Rien a ajouter. L essayer serait l adopter... Lol tout est dit. Le pratique prime sur l esthetique.... Je ne suis pas vendeur amazon.",4,enriched,service,positif,absent,absent,absent
en_0365768,en,"Very cute and arrived super fast! Our family loves being silly and wearing ...

Very cute and arrived super fast! Our family loves being silly and wearing it around the house. Fit is great! Very satisfied!",4,enriched,delivery,positif,absent,positif,absent
fr_0375411,fr,"Ras

Très bon rapport qualité prix",4,enriched,price,neutre,positif,absent,absent
fr_0386975,fr,"bien pour son prix

Cette enceinte fournie un très bon son, en revanche, les branchements à effectuer son très mal pensés. Il faut brancher un fil sur l'écran un autre sur le pc sans compter l'énorme manque de fil. C'est pour cela que je ne lui met que 3 étoiles.",3,enriched,price,absent,neutre,absent,absent
fr_0236334,fr,"Guirlande éphémère...

Si vous souhaitez une guirlande lumineuse solaire à usage unique...cette guirlande est faite pour vous !!! Superbe guirlande avec un prix très attractif mais finalement elle reste encore trop chère pour ne fonctionner que 7 jours!!! Conclusion : ne l'acheté pas",1,enriched,price,neutre,négatif,absent,absent
en_0493116,en,"Damaged package shipped

Damaged item shipped and package also damaged.",1,enriched,delivery,absent,absent,négatif,absent
fr_0967825,fr,"Très bon livre

Écrit simplement, lecture facile. Avec l'auteur, nous avons des points communs sur l'enfance, la façon dont on a vécu, grandit. Par contre je n'ai pas encore sauté en parachute mais c'est prévu. Son évolution, ses échecs et ses réussites m'ont inspiré et motivé pour l'avenir. Je l'admire tellement que j'ai commandé son deuxième livre ""Made in France"". J'ai hâte !",5,natural,none,neutre,absent,absent,absent
en_0996307,en,"Great lights even greater customer support

Great product lights work well. Had a minor issue with one set being noisy but they were prompt to send replacement. Great product with great customer support",5,enriched,service,positif,absent,absent,positif
fr_0179927,fr,"Très bonne idée, marche super bien mais très délicat pour un article bébé

Ma fille de presque 5 mois est très intéressée par la nourriture mais voulant attendre ses 6 mois pour vraiment commencer à lui donner des purées, je lui ai acheté cette tétine pour l’initier aux goûts des aliments. L’idée est ingénieuse et cette tétine est super pratique. Ma fille l’a adopté toute de suite. La mise en main est J’ai pu lui donner de la purée dedans, des morceaux de fruits...son lavage est super simple. Tout ça vaut largement 5 étoiles sauf qu’elle s’est cassée moins de 2 mois après son achat. En mangeant avec et la faisant tomber ( elle était assise sur son transat donc tombée de pas très haut) , la tétine s’est cassée au niveau de la fermeture: à un endroit irréparable. Je suis du coup assez déçue surtout que c’est arrivé pendant les vacances et que j’avais ramené la tétine pour que ma fille puisse profiter des fruits. Je vais essayer de contacter le vendeur pour savoir si je peux échanger que la tétine parce que le rest est intact. Ce serait du gâchis de racheter toute la boîte (surtout que ce n’est pas vraiment donné)",2,enriched,service,négatif,absent,absent,absent
en_0976522,en,"Sturdy canvas bag.

Perfect for beach or pool. Great price and good looking.",4,enriched,price,positif,positif,absent,absent
en_0558799,en,"These are great for the price

These are great for the price . But they are obviously made for Asian women . They are too short & don't stay up . I constantly am pulling them up my arms.",3,enriched,price,absent,positif,absent,absent
fr_0600699,fr,"jamais reçu

J'aurais effectivement aimé vous donner un avis sur ce produit mais ne l'ayant jamais reçu, cela me semble difficile .... le sav d'amazon a fait le nécessaire en me remboursant",1,enriched,service,absent,absent,négatif,positif
en_0640685,en,"SCAM

The seeds are duds. Do not order from this seller.",1,enriched,service,négatif,absent,absent,négatif
fr_0678486,fr,"Pas la meilleure mais pas chère

Convient à mon usage qui n’est sue de protéger ma tablette",4,enriched,price,absent,neutre,absent,absent
en_0309487,en,"Not production quality

This iron is sold as, ""Designed For Continuous Production Soldering"" I got mine in November 2014, it's dead in August 2019. I'm a hobbyist, I have never used the iron more than 3 hours in a day, and usually more like a couple of hours a week. It started making clicking sounds a month or so ago, and now the temperature display is going crazy. I bought it for $140 in 2014, and 5 years of light use is lousy value for that price. The price is now $250. Needless to say, I won't be buying another.",2,enriched,price,neutre,neutre,absent,absent
en_0013159,en,"Didn't have it had the wrong charge cable sent with ...

Didn't have it had the wrong charge cable sent with it seller don't sent replacement charging cable can't change unless I get the correct cable.",2,enriched,service,absent,absent,négatif,négatif
en_0273958,en,"No Bluetooth receiver arrived with the product

Both my original keyboard that was shipped to me and the replacement keyboard both were missing the Bluetooth receiver. It should have been stored in the battery compartment I found this out online at Logitech",2,enriched,delivery,neutre,absent,négatif,absent
fr_0051776,fr,"Sympa vu le prix

Les enfants apprécient et les parents aussi à voir sur le long terme et sa resistance",3,enriched,price,absent,neutre,absent,absent
en_0003950,en,"Not mixed assortment as described

Ordered 2 sets of what should have been mixed flavors (clearly spells out what the different flavors should be in the description). Instead, received one box of 120 Birthday Cake and a second box of 120 Pina Colada.",1,natural,none,neutre,absent,neutre,absent
en_0264369,en,"I have not received this item!

I did not receive this item. It has been stated it was shipped on Tuesday October 16 but I have not received an notification nor the item",1,enriched,delivery,absent,absent,négatif,absent
fr_0395135,fr,"Demande pas pris en compte

Nous avons demandé au vendeur par mail sur les 3 visuelles une priorité pour 2 motifs, on a reçu le 3ème que l'on ne voulais pas...",2,enriched,service,absent,absent,négatif,négatif
fr_0527003,fr,"Super rapide

Super smartphone extrêmement rapide ça change la vie. Sinon capteur d'empreintes légèrement capricieux de temps en temps mais très peu gênant en soit. À ce prix la foncé",5,enriched,price,absent,neutre,absent,absent
en_0458416,en,"Highly Recommended

This is indeed the best customer service I have ever received, and their responses are really quick. Nice product as well. Highly recommended!",5,enriched,service,positif,absent,neutre,positif
en_0384679,en,"Customer Service = A

I had one battery that went bad. Company promptly answered my concern and sent a replacement. I appreciate that very much as Quality is first but Customer Service can resolve minor issues.",4,enriched,service,négatif,absent,absent,positif
fr_0289564,fr,"Attention fragile

Décoration extérieure sous abri, ou entrée, ou patio. Jolies couleurs et jolie forme. Malheureusement très fragile aux soudures. J’ai reçu l’objet avec une patte cassée, donc achat supplémentaire de colle résine pour métal, du coup il n’est pas encore installé. Mieux vaudrait soigner davantage les emballages. Décevant.",2,enriched,delivery,négatif,absent,négatif,absent
en_0955780,en,"Arrived Damaged

Product is represented accurately in pictures. Seller did not provide adequate packing material/wrapping for shipment. Edge of product arrived slightly damaged. Would not purchase from seller again.",2,enriched,service,neutre,absent,négatif,négatif
en_0681882,en,"Had a strong chemical smell....

The mouth piece and tube had a strong chemical smell to it. This product if for infants and children. Amazon should think about where they store products for children and make sure unsealed product (like this one) isn't contaminated! Started the return process and wife threw it away because it was contaminated....now out $20.",1,enriched,service,absent,absent,absent,absent
fr_0374537,fr,"Dommage

Je n'ai rien reçu et le vendeur ne répond pas après plusieurs messages. Il devait être livré le 20 novembre mais nous sommes le 29 novembre et toujours rien et toujours aucune nouvelle du vendeur.",1,enriched,service,absent,absent,négatif,négatif
en_0104482,en,"Not very bright

Bought these to replace Sylvania bulbs that were double price for the basic bulb and these were the same brightness as the ones I replaced. Little disappointed in Phillips. However these are a direct fit replacement and had no issues with installation.",3,enriched,price,négatif,neutre,absent,absent
fr_0762922,fr,"INUTILE

J’avais pensé que ce serait très utile pour caler mes classeurs sur mon étagère et en fait le système est bien trop souple pour les retenir. J’ai essayé de les recycler dans leur utilisation originelle (organisation des piles de vêtements dans les placards), mais c’est également inutile, la largeur de ces équerres est trop étroite et ne couvre qu’un quart de la largeur des étagères de mon placard. En gros inutile et du coup excessivement cher!!!",1,enriched,price,neutre,neutre,absent,absent
en_0209147,en,"Nice watch to have an its affordable

I'm inlove with my watch its a good quality for its price every time I wear it I place it right back in the box wen done",5,enriched,price,positif,positif,absent,absent
en_0671341,en,"Missing sunglass lanyard!.......

I received these and was very happy so far on the clarity and fit/feel. But was very disappointed about not receiving the lanyard that was supposed to have come with it!? Never would have known to notice this but I ordered two of these and one came with it and one without it!",4,enriched,delivery,négatif,absent,négatif,absent
en_0113128,en,"Battery life - break noise

It was generally a good bike until the following: 1- battery life gave me only 5 miles (tried twice in different weather conditions) 2- break noise is so annoying I want to thanks amazon for returning the bike with a full refund, but I really regret returning it, i wish it would worked for me.",3,enriched,service,négatif,absent,absent,positif
fr_0244361,fr,"Blouson moto

Livraison rapide du produit. Par contre, il ne correspond pas tout à fait à la photo du site: dos montré avec une seule pièce de cuir, livré avec 3 pièces, épaulettes trop longues, pressions mal positionnées, manches trop amples et taille approximative(je fais du M et j'ai pris du L comme le conseillaient les autres acheteurs et ça ne tombait pas comme j'aurais voulu). Le retour ainsi que le remboursement ont été très rapides et sans problèmes: vendeur sérieux. Pour le prix, je crois qu'il ne faut pas être trop exigeant.",2,enriched,service,neutre,neutre,positif,positif
en_0429342,en,"All was good!

Got it earlier than the delivery was stated and fast. All was enclosed with packaging and instructions were included. Business card and a thank you note. I did my conversion and almost done. So, far it appears to be doing properly. I contacted seller with question about the yellow ink, but so far pleased.",4,enriched,service,absent,absent,positif,positif
fr_0710951,fr,"protection

bon rapport qualité prix",5,enriched,price,neutre,positif,absent,absent
en_0522295,en,"OK

They are suppose to be rated for 300 lbs each but the wheels splay out when supporting a baby grand... I can lift it so I know it is not over 300 lbs per leg....",3,natural,none,absent,absent,absent,absent
en_0541650,en,"It’s cheap and functional

Base your expectations on what you’re paying or else you’ll be sorely disappointed. The assembled piece looks nice from a distance and is functional. I purchased this to serve a purpose until I can afford to replace it with a more quality piece. For its price, it’s decent. I had almost bought it from another retailer for almost twice as much - thank God I checked Amazon’s price first. For any more than what I paid I would have been upset. The thin veneer came cracked in three pieces, two of them on the front of one of the doors and it’s noticeable. There were also scratches and blemishes on arrival - see photos. The doors themselves have cheap plastic hardware which I’ve already needed to super glue. The feet are more cheap plastic and hideously ugly but fortunately somewhat hidden. I’ll see how long it holds up and try to report back. Update: It’s only been a month and I’m already looking for a replacement. This thing scratches so easily and the dark color means the scratches are super noticeable. One of the shelves is also sagging from the items I put inside, which really weren’t that heavy. It’s truly not meant for more than shoes, I guess.",2,enriched,service,neutre,positif,absent,absent
fr_0056943,fr,"Pas terrible

La taille est convenable la couleur est jolie mais je suis très déçu car il manque de rembourrage et du coup le plastique dur en dessous fait mal aux fesses de l'enfant obligé de mettre une mousse en plus à l'intérieur franchement au vu du prix c'est pas normal",2,enriched,price,négatif,neutre,absent,absent
fr_0174222,fr,"Arnaque

Produit non reçu honteux le vendeur ne répond même pas au mail . A ne pas acheter ! C'est une grosse arnaque.",1,enriched,service,neutre,absent,négatif,négatif
fr_0616478,fr,"Bien mais

Très bon projecteur pour le prix la qualité est top le rendu nikel brancher avec des enceintes ç est bien MAIS on la renvoyer car il fait vraiment trop de bruit le ventilateur est monstrueusement bruyant",3,enriched,price,positif,neutre,absent,absent
fr_0978131,fr,"Ça fonctionne

Produit conforme à la description, livraison rapide. Fonctionne parfaitement.",5,enriched,delivery,positif,absent,positif,absent
fr_0947819,fr,"Bien mais pas de surprise vu le prix

Ventilateur pratique mais pas de grande qualité. Vu le prix je ne m'attendais pas à la lune mais j'espérais quand même plus d'un mois de service !",3,enriched,price,positif,neutre,absent,absent
fr_0754265,fr,"Produit bien reçu mauvais conditionnement

Produit reçu avant la date sauf que le bouchon était dévissé le bouton pression enlever ,l’huile dégouliné de partout après avoir contacté le revendeur un dialogue de sourd s’installe me demandant de lui envoyer une photo du produit. ( ma réponse croyez vous vraiment que je vais laisser le produit dans cette état pendant plusieur jour ) à l’heure d’aujourd’hui aucune solution trouvée. Par contre est-il normal que l’huile sente une odeur assez spéciale .",2,enriched,service,neutre,absent,négatif,négatif
fr_0789477,fr,"Attention arnaque

Le site Amazon devient de plus en plus décevant. Injoignable et ne fond rien pour que les clients soient rembourser. A ne surtout pas commander, arnaque. Je suis en attente de la commande depuis 4 mois. J'ai demander un remboursement que je n'ai jamais reçu à ce jour.",1,enriched,service,absent,absent,négatif,négatif
fr_0951933,fr,"retour

je voulais savoir si vous aviez reçu l'article ""lego star wars "" que je vous avez renvoyé ! merci de me repondre",4,enriched,service,neutre,absent,neutre,neutre
fr_0771499,fr,"écouteur son faible

son pas top assez faible pas d instruction en français impossible d'associer les 2 écouteurs bref je ne recommande pas autonomie 30 minutes à peine",2,natural,none,absent,absent,absent,absent
en_0646876,en,"Wow, best lighting deal on Amazon. These are FANTASTIC!

I paid $99 for these and feel like I got a deal of the century. I just saw them on sale for $69 and at that price it is a true bargain, a rare bargain. These arrived and they are the best lights I have ever bought for under $300. Stands, and quality soft boxes and lights. The power is perfect, balanced for daylight and provide stunning color. I have my more pricey LED panel to my son after these arrived as they do better. They even come with a nice carrying case. 5 Stars all the way.",5,enriched,delivery,positif,neutre,neutre,absent
en_0039974,en,"Quiet and powerful

great price for a great compressor",5,enriched,price,absent,positif,absent,absent
en_0209364,en,"Not always the same paper when you click reorder :|

I bought this paper twice. I used my dash button. The price did increase from the first time I purchased this box of paper. Not an issue there. What I'm pissed off about it that the paper quality is bad... The nicest word I can think of. The paper I received last time was a different weight then what is currently in this box. With the other paper could print on both sides without seeing through to the other side. This paper you can see through, curls and warps. It does not lay flat because of how thin it is. I'm sure this works great for some people. I need it in the classroom and it is distracting for the kids to see the ink from the other side. Now I don't know what I had received the last time. I don't know if that box was a mistake or if this box was the mistake. The packaging on this one matches the description. I have used up the other paper so I don't have any packaging to compare to beyond the ""reorder this item"" feature here on Amazon. To say I'm disappointed is an understatement. I'm very frustrated! I will have to use twice the amount of paper because I can't do the two-sided prints.",1,enriched,delivery,négatif,neutre,neutre,absent
fr_0316141,fr,"Vendeur serieux

Livraison rapide, la photo correspond parfaitement à l'article reçu... seul bémol, des paillettes partout dans l'emballage, sans doute du au transport, vendeur à l'écoute qui a parfaitement gérer mon problème.",4,enriched,delivery,positif,absent,positif,positif
en_0228410,en,"They work as well as similar strips

All these mouth strips are basically the same. This one is a better value since you get more for the money. As far as effectiveness for reducing snoring... mouth strips in my experience are no more or less effective than nose strips. However, they are a little more comfortable and much cheaper. They help a little most of the time but nothing I've tried will stop snoring completely.",4,natural,none,neutre,neutre,absent,absent
fr_0020857,fr,"Pas cher mais pas complet

Ayant commandé ce coffret collector en vue de l'anniversaire de mon fils quelle ne fut pas ma surprise de trouver tout le contenu sauf l'élément principal c'est-à-dire le disque du jeu le boîtier steelbook est vide!!!! Alors que sur l'annonce le jeu Destiny 2 été annoncé et que le reste du carton était parfaitement fermé donc à l'origine le disque n'a jamais été mis dans le coffret collector",1,enriched,price,absent,positif,absent,absent
en_0737774,en,"Nice bang for the buck!

These are a nice inexpensive alternative to those $40 cases from the phone store. Rated the same as my more expensive cover and looks just as nice.",4,enriched,price,absent,neutre,absent,absent
en_0426689,en,"Terrible customer service

Honestly I loved these headphones for swimming I can’t imagine swimming without them. My issue is with their customer service. I understand that electronics and water don’t mix usually so I bought the warranty. Sure enough 2 months after I purchased these headphones they stopped working which is annoying but fine whatever I bought the warranty. I filed my claim with Pyle and they said that they would ship my new pair of headphones. It’s been over two weeks and the item hasn’t even been shipped. I followed up with the customer service 6 times over 2 weeks before they sent me a tracking number and they haven’t even been shipped yet. Headphones should not break within 2 months of purchase but if they do and You have a warranty send the replacement. But I get it sometimes things are out of stock, however I should not have to follow up 6 different times just to get a response. Literally not even a hello or an apology for ignoring my emails they just sent the tracking number like sorry I bothered you for asking you to do your job.",1,enriched,service,positif,absent,absent,négatif
en_0491625,en,"Pleased

Good product. Good price",5,enriched,price,positif,positif,absent,absent
fr_0783268,fr,"Belles figurines

Super produit surtout pour le prix. Mon petit fils était ravi.",5,enriched,price,positif,neutre,absent,absent
en_0745132,en,"Arrived completely broken and amazon couldn’t refund

Items arrived completely smashed in the box. It was full of broken glass and amazon would not give me a refund without sending the broken pieces back. I did not feel comfortable mailing a broken box full of glass and said no, so will receive no refund.",1,enriched,service,négatif,absent,négatif,négatif
en_0382189,en,"loose handle

I really like the design of this knife, and when it arrived, it was sharp and seemed well made. Unfortunately the handle is loose (only slightly but unacceptable). I'm returning it.",2,enriched,delivery,neutre,absent,neutre,absent
fr_0316780,fr,"Si vous n'avez rien d'autre à lire...

Objectivement, c'est un livre ...long - trop bla-bla, limite mièvre - mais l'intrigue est habile car il faut lire au moins 500 pages avant de comprendre qui est le méchant. J'avais lu un autre livre de cet auteur, bien plus efficace et mieux ficelé avec des personnages plus attachants. Je mets deux étoiles pour la densité et le temps de lecture... Mais sur le fond, ça ne vaut pas grand'chose. Très déçu. Heureusement pas cher à l'achat.",2,enriched,price,négatif,positif,absent,absent
fr_0054273,fr,"produit et livraison

les produits livrés sont parfaits je n'ai à ce sujet aucun commentaire à faire, sinon continuez comme cela, quant à la livraison, il y a beaucoup à dire et c'est bien dommage, je n'avais jamais eu de problèmes avec TNT, mais aujourd'hui très en colère, la livraison a été effectuée sans aucun respect du contenu des colis, il y en avait trois, sans contrôler s'il y avait quelqu'un à la maison, et nous étions présents mon époux et moi, puisque nous avons vu le camion arrêté devant chez nous, mais au lieu de nous apporter les paquets, le livreur les a passés par-dessus la porte, haute de 1m60 si vous appelez ça du travail bien fait, c'est que vous n'êtes pas très difficile, toujours est-il qu'heureusement rien ne cassait, et cela ne m'étonne plus lorsque l'on reçoit des pots de moutarde cassés et non pris en charge pour le remboursement, c'est d'ailleurs pour cela que je ne commande plus aucun produit fragile.",4,enriched,delivery,négatif,absent,négatif,neutre
en_0596546,en,"Frustrating to assemble

First of all, this bed was the most frustrating thing I have ever had to put together. I literally wanted to take it and throw out the window. I followed the instructions and could not get the slats in properly. They kept on popping out before I could get the other rail attached. I even called a friend to come help me as this is not a one person job. She wanted to put it back in the box and return it. The only saving grace was a YouTube video I found. The only way I was able to get the slats in and that they stayed was with this video not even the same product, but hey I got it put together. Overall, I would never recommend this bed unless it's fully assembled. It's cute and that's it.",2,enriched,service,négatif,absent,absent,absent
fr_0621041,fr,"problème d'augmentation de prix presque toutes les semaines, fin de mes achats chez ce vendeur

Produit conforme à la description, déjà utilisé, prix très correct pour la qualité du produit.Envoi rapide, je recommande ce vendeur Les prix de ce vendeur augmentent rapidement, je n'achèterai plus",4,enriched,service,positif,négatif,positif,positif
en_0178702,en,"Wrong fragrance.

I revive other fragrance. One that I hate. As I don’t live at the states and shipping to Brazil is expensive, I couldn't returned because it arrive the same day my departure fly. I learn that sellers aren't trustful and can't left the shipping day for last moment.",1,enriched,delivery,absent,neutre,neutre,absent
fr_0519194,fr,"Faible qualité

Produit reçu très vite et l'image correspond bien au produit, mais la qualité ne vaut pas le prix...",3,enriched,price,neutre,négatif,positif,absent
en_0549746,en,"Wonderful customer service

When I received my original order the infuser pitcher was missing its lid. When I contacted the company they very quickly shipped out a new pitcher; no questions asked. Customer service has been outstanding with this company.",5,enriched,service,absent,absent,négatif,positif
fr_0016576,fr,"pas reçu 6 semaines après la commande !!!

pas reçu 6 semaines après la commande !!!",1,enriched,delivery,absent,absent,négatif,absent
en_0191437,en,"Good price, but dogs desensitize to the sound

Easy to set up and install, good price, small and not and eyesore. We bought it to deter our neighbor dogs from barking so much. It worked the first day, but the dogs have gotten used to it and now it seems to only deter them briefly on the first day when we change the batteries (every 2 weeks).",2,enriched,price,neutre,positif,absent,absent
fr_0122554,fr,"100 élastiques ou pas

Commande de 100 élastiques, il en manque 4... Je me doutais qu'avec autant d'élastiques il en manquerait forcément quelques uns... Le vendeur doit penser qu'on ne le verra pas ;)",4,enriched,service,absent,absent,négatif,négatif
fr_0528371,fr,"Ne pas traiter avec ce vendeur !!!!!!

Comment voulez-vous que j’évalue un produit que je n’ai pas reçu et que vous m’avez de ce fait remboursé Un peu de sérieux dans vos démarches s’il vous plaît",1,enriched,service,absent,absent,négatif,neutre
fr_0599671,fr,"Rapport qualité/prix imbattable

Particulièrement satisfait du rapport qualité/prix. Comparées à une autre marque. Montage facile sur une Citroën C4 de 2010, l’éclairage est vraiment bon",5,enriched,price,positif,positif,absent,absent
en_0078661,en,"Too noisey to sleep next to, last half as long as stated

Im very satisfied with Amazon’s customer service but the product not so much. The fan has one speed, so if its on low or high output the fan is louder then every other humidifier Ive owned. Full tank of water lasts about 9 hours on 75% setting. Try another brand, fyi....the seller I bought from was “prime” but will not take returns :( smh",2,enriched,service,négatif,absent,absent,positif
en_0736067,en,"Five Stars

Best customer service ever. Very friendly/ flexible and helpful, will for sure buy from this seller again",5,natural,none,absent,absent,absent,positif
en_0822691,en,"One Star

Stainless steel rack did not fit housing unit, contacted supplier, but got no response.",1,enriched,service,négatif,absent,absent,négatif
fr_0313597,fr,"Mecontentement

Après 2 essais de ce produit qui ont casses tous les deux au bout de 2 jours j'attend toujours le remboursement d'Amazon qui n'arrive toujours pas Attention il semble qu' amazon ne rembourse pas!!!!!!",1,enriched,service,négatif,absent,absent,négatif
fr_0859821,fr,"Decu !

Ce n'est pas mon premier doogee je pensais ne pas être déçu du rapport qualité prix mais la je suis extrêmement déçu niveaux batterie qui ne tiens pas plus de 8 h et de plus il s'eteind 4-5 fois pas jour tout seul ... Je ne recommande pas ce modèle ci !",1,enriched,price,négatif,neutre,absent,absent
fr_0314697,fr,"Gaufres épaisses, croustillantes et moelleuses comme à la fête foraine

Les gaufres sont magnifiquement épaisses et légères comme à la fête foraine. Très très bon rapport qualité prix. Juste un peu triste car il est cassé parce que je l'ai fais tombé.",5,enriched,price,neutre,positif,absent,absent
en_0629948,en,"Warm gloves

These gloves are nice and warm. They also provide a good grip to hold on to your ski poles. It comes with a small zipper compartment that I have not had much use for, but could be used for storing coins or IDs. Running under tap water they seem to be waterproof but I have not tested them outside yet. Overall, worth the price.",5,enriched,price,positif,positif,absent,absent
en_0499186,en,"First tupperware i unwrapped was chipped on the corner w/ the glass inside. EDIT -Replacement-

The first Tupperware that I unwrapped. It had a piece of glass in it already and it was because the top part was chipped. Can I get this replaced? The glass quality looks nice, but i'm sad that i won't be able to use this one for my meal prep as i don't know if more of it will continue to fall off. Edit: customer service was phenomenal and they even sent me a replacement. I really glass Tupperware, and i will say that this one is surely a keeper. The lids could be more flexible, but overall. great product!",4,enriched,service,négatif,absent,absent,positif
en_0309041,en,"Do not buy from this seller - ripoff

I was to receive a pack of 6 instead I received only 1 so I spent $10 for 1 pack. What a ripoff",1,enriched,service,absent,absent,négatif,négatif
en_0105773,en,"TERRIBLE PRODUCT & CUSTOMER SERVICE

Bought this for a 2017 Ford F-350. Terrible product. Followed instructions exactly. Vent shades do not sit correctly so that when you put your window up it keeps going back down. Returned them and the company Auto Truck Toys only refunded 50% for a restocking fee. Product doesnt work but you have to pay for the terrible design. DO NOT BUY THIS PRODUCT OR FROM THIS COMPANY. You would be just giving away your money. I give this product and company NO STARS. I had give it a star otherwise it wouldn't allow me to submit",1,enriched,service,négatif,neutre,absent,négatif
fr_0755281,fr,"HS au bout de 7 mois

déçu par la durée de vie de ce produit. A NOTER : vendeur a proposé échange. Réception du nouveau produit OK.",4,enriched,service,négatif,absent,absent,positif
fr_0658237,fr,"Pas satisfaite, espère que le vendeur va intervenir !!

Je suis très très déçue !! ... pierre du milieu pas de la même couleur (1 claire, 1 plus foncé) et en plus Mat et non brillant comme sur la photo !! En plus PAS de cabochons pour fermer la BO et une tige tordue ... si le vendeur ne fait rien .... On verra !!! Mais pour l'instant je ne le recommande pas. Cordialement",1,enriched,service,négatif,absent,absent,neutre
fr_0707120,fr,"Produit conforme

Ce petit coussin est vraiment agréable, il correspond tout à fait à ce que j'attendais. C'est vraiment très qu'il est pensé à mettre un gonfleur, c' est vraiment un plus. Tout ceci a un prix très correct. Parfait, je vous le recommande.",4,enriched,price,positif,positif,absent,absent
fr_0954605,fr,"Etait ouvert et a fuit

Je viens de recevoir l'huile essentielle et elle a fuit : elle etait mal fermé. J'attend un retour du vendeur avant d’augmenter le nombre d'etoile. En meme temps je vais la tester car je suis une habituée des HE.",2,enriched,service,absent,absent,négatif,neutre
en_0724357,en,"Five Stars

Package arrived on time and it’s just right! Worth ordering!",5,enriched,delivery,absent,neutre,positif,absent
fr_0701534,fr,"Conforme et livraison rapide

Aucun soucis produit conforme à la description, livraison très rapide (plus tôt que prévue) Vendeur sérieux je recommande sans hésitation.",5,enriched,service,positif,absent,positif,positif
en_0142890,en,"Great alternative to energy drinks

I was looking for a natural, energy support for my teen gymnast and came across this product. He really likes it and said he didn’t get the jitters like the energy drinks he had in the past. He doesn’t take this product daily but when he does he says he has increased energy and focus that helps his gymnastics. I am a repeat customer!",5,enriched,service,positif,absent,absent,absent
en_0749757,en,"Received this product and it is defective. There appears ...

Received this product and it is defective. There appears to be no ink in any of the 5 highlighters as the tips are clear, and when you try to highlight a word the ink comes out clear on the page. I attempted to get a replacement but Amazon advised that this was a third party seller, so I had to get a refund instead.",1,enriched,service,négatif,absent,neutre,neutre
fr_0788199,fr,"Pratique et peu cher

L'avantage est que l'on peut charger plusieurs manettes en même temps. Le bouton on à l'arrière est un plus.",4,enriched,price,positif,neutre,absent,absent
fr_0151903,fr,"Attention très fragile

Au bout de 5 mois de cours il est cassé. Pas du tout adapté au transport d’affaires scolaire, même pour une étudiante très soigneuse.",2,enriched,delivery,négatif,absent,absent,absent
en_0707885,en,"Great product, great price

Product was shipped on time. I used it for ratchet wrenches fit snug at first and loosened up a little. Only thing I'd like to see on this would be rings in the top corners so you could hand on a peg board.",4,enriched,price,positif,positif,absent,absent
en_0142340,en,"Very unsafe for dog, very destructible, in days

I just received this dog toy 5 days ago. It posed a very serious risk to my dog. The bristle part of this toy literally shredded in his mouth and the toy became embedded in his gums, with blood oozing all over carpet. It had to be manually dislodged from his mouth. I vacuumed up loose bristles. I am concerned that he swallowed the sharp bristles.",1,enriched,delivery,neutre,absent,neutre,absent
fr_0400801,fr,"Très bien

Très vite livré pile pareil que chez le bijoutier moins cher à voir dans le temps les autres c était un an",5,enriched,price,absent,positif,neutre,absent
en_0419258,en,"Missing in Action

Never arrived from seller.",1,enriched,delivery,absent,absent,négatif,absent
fr_0235403,fr,"Camera

livraison rapide ， petit est fonctionne bien. Installation facile et qualité d’image parfait",5,enriched,delivery,positif,absent,positif,absent
fr_0710718,fr,"Nickel

Super, Livraison dans le délai et bon rapport qualité prix.",5,enriched,price,neutre,positif,neutre,absent
en_0306156,en,"Got what I paid for... I hope.

The charms are so cheap looking. But I just wanted the chain. I broke off the charms. Their rings were easy to cut. They didn't feel like metal. But the chain looks and feels good. I hope it holds together when I load it with my own personal charms.",3,enriched,price,négatif,neutre,absent,absent
fr_0598449,fr,"Boîte arrivée abimée à 2 reprises!

le colis a été réceptionné une 1ere fois cassé. Il m'a de suite été renvoyé... à nouveau cassé. Je le transmets au vendeur qui me demande de repayer pour un envoi de la chine. Très déçue car j'avais commandé chez ce vendeur pour avoir la boîte de rangement, que finalement je n’ai pas!!!! et pour l'avoir je dois repayer alors que s'ils avaient envoyé le colis dans un bon emballage il serait arrivé sans être endommagé!",2,enriched,service,absent,absent,négatif,négatif
fr_0737216,fr,"lunette protection anti lumière bleue

bonne finition, efficace , permet de travailler face à l'écran sans fatigue visuelle, même après une conjonctivite. la paire de lunettes est d'une bonne qualité et la finition est conforme aux attentes . prix imbattable.",4,enriched,price,positif,positif,absent,absent
en_0290341,en,"Small

Overall the product was smaller than I expected and therefore I paid more for it than I would have had I seen it in person before purchasing...I think around $15 Max is a more reasonable price for this. But my kids love to build stuff! So hopefully it will be worth every penny in the long run. And they are NOT as small as Legos so less pain on your feet ;)",4,enriched,price,positif,négatif,absent,absent
en_0243727,en,"Brightness and limited controls.

The product lights aren’t very bright. I would not recommend this product to anyone. Cheap junk that needs to be removed from Amazon.",1,enriched,price,négatif,neutre,absent,absent
en_0033192,en,"Display stopped working

The clock radio was great at first but the display has stopped working after a month and a half of use. I'd be happy to change my review if the company can fix this or send a replacement. I haven't been able to contact them yet.",2,enriched,service,négatif,absent,absent,absent
fr_0132971,fr,"Babyphone

Reçu rapidement et conforme à l'image. Je cherchais un babyphone pour les grands parents et celui-là est parfait. La qualité d'image est top ainsi que le son. On peut parler et y envoyer de la musique. Niveau qualité prix je recommande sans hésiter.",5,enriched,price,positif,neutre,positif,absent
en_0270795,en,"Great buy!

I like it. Very durable and dependable for the price.",3,enriched,price,positif,positif,absent,absent
fr_0101006,fr,"Pas de NFC - Erreur dans le descriptif

J'ai acheté ce téléphone pour remplacer mon Galaxy S4 Mini. Bien recu dans les délais etc etc. Superbe téléphone MAIS manque la connectivité NFC dont j'ai absolument besoin. La connectivité NFC est listé dans le déscriptif - erreur de la part du vendeur. Echange Chat avec tech support Amazon excellente. Seul solution, retour immediat. Je suis décu par rapport au téléphone mais content du service d'Amazon.",2,enriched,service,négatif,absent,positif,positif
en_0592902,en,"Quality sight great Circle/Dot, Crosshair optics

This sight is better then I expected, Took to the range on an AR-15 9mm pistol and after 170 rounds it was still holding true to center. The seller was very responsive to questions I had about other applications. I will be looking for more really great products from this seller. You can't go wrong getting this sight.",5,natural,none,positif,absent,absent,positif
en_0765094,en,"Would love to use, but can't!

I gave this mascara 2 stars, because I would love to use it; although I cannot. The wand is in very poor condition, the brush fibers are falling off and are crushed. For $28 I am very, very disappointed. It did not appear in great, new condition when it arrived.",2,enriched,delivery,absent,absent,neutre,absent
fr_0200438,fr,"ne fonctionne pas correctement mais commerçant

J'ai monté l'écran mais il ne fonctionne pas correctement. L'écran ne répond pas aux sollicitations rapidement et bloque pour éteindre. Déçu mais le vendeur a été commerçant en me proposant le remboursement que j'ai accepté.",2,natural,none,négatif,absent,absent,positif
en_0296262,en,"satisfaction

It did not meet my expectations but I did however receive a great customer support experience therefore I’m giving it 4 stars.",4,enriched,service,négatif,absent,absent,positif
en_0710853,en,"Good value for the money

These were fabulously not bad! As others voiced they didn’t have a bad odor which was welcome. Get busy with your scissors and make ‘em fit!",4,enriched,price,négatif,neutre,absent,absent
en_0295014,en,"Very stiff, doesn’t form into wine bottles well.

The plastic is very stiff, taking away the ability to form a decent seal. Only some of the wine stoppers are useful. My husband and I sealed several bottles of wine and the next day all the air was back in the bottle. Don’t use this product on an expensive bottle of wine. The rubber needs flexibility.",1,enriched,price,absent,neutre,absent,absent
fr_0483287,fr,"incomplet

reçu ce jour avec une pièce manquante. il n'y a pas de reine noire dans mon colis j'espère que le service client vas régler le problème.",2,enriched,service,absent,absent,négatif,neutre
fr_0218990,fr,"Problème de livraison

Jamais arrivé dans ma boîte aux lettres.amazon m'a donc remboursée.dommage.je dois donc repasser commande.",1,enriched,service,absent,absent,négatif,positif
en_0610893,en,"Absolutely Delicious!

Fantastic! A new favorite with my family, and my friends!",5,natural,none,absent,absent,absent,absent
fr_0888136,fr,"terrible

le commande n'arrive pas, le vendeur ne repondre pas aux emails, toute etait terrible.",1,enriched,service,absent,absent,négatif,négatif
fr_0183215,fr,"Commande non reçue

Le colis s'est perdu mais j'ai eu droit à un remboursement du vendeur.",2,enriched,service,absent,absent,négatif,positif
en_0416941,en,"Good phone over and good

Good phone over and good price",5,enriched,price,absent,positif,absent,absent
fr_0914747,fr,"dvd ok

Promesse non tenue pour la promo 50 euros pour les premiers 100 euros de DVD. Déjà signalé même pas un appel ou un réponse d'amazon. ne concerne pas le conseiller expéditeur mais la conseillère avant expédition et le conseiller pour la réclamation. ""ne jamais faire confiance à un conseiller""!!!",4,enriched,price,absent,négatif,absent,négatif
en_0196289,en,"Condition Exactly as described

Book was exactly as described by seller. Excellent communication wrt order receipt, order shipped, and tracking number. Great resource for used textbooks as reasonable price.",5,enriched,service,positif,positif,absent,positif
en_0932719,en,"Love all their products.

I love their products & they contacted me ahead of delivery to ask me to check for frozen products. It wasn't but I appreciated the reach out. Now that I opened product it has a weird musty smell so it must have been frozen at one time. Lesson learned open straight away to check because return time frame is closed so in the garbage it goes. Again NOT companies fault.",3,enriched,service,négatif,absent,positif,positif
fr_0173837,fr,"t shirt

petit prix et bonne qualité et jolis coloris toniques je recommande cet achat t shirt idéal pour la mi saison",4,enriched,price,positif,positif,absent,absent
fr_0122030,fr,"Absence du tuyau d'alimentation

Après 2 utilisation, bon état de fonctionnement. Cependant le tuyau de transfert de carburant, présent sur les photos n'est pas fourni. J'ai choisi ce vendeur pour ce motif justement. J'attend le retour de celui ci, pour savoir si c'est une erreur ou si c'est normal. J'ai bien reçu un remboursement de 10€ donc ce vendeur est fiable dans sa gestion des réclamations.",4,enriched,service,neutre,absent,négatif,positif
en_0971959,en,"Blue speckles!

Cartridges make blue and yellow speckles on our copies when we print in color. Seller has not resolved issue.",1,enriched,service,négatif,absent,absent,négatif
fr_0329151,fr,"Vendeur à éviter!!!!

Article jamais reçu. Essai de contacter le vendeur par le biais d'Amazon mais pas de réponse. Vendeur à éviter !!!!",1,enriched,service,absent,absent,négatif,négatif
en_0598971,en,"Sent me PRENATAL PILLS. I’m a man lol

They sent me the wrong product. I tried to return or replace and the policy is no returns. There is no option to even contact the seller. Nordic Naturals better fix this",1,enriched,service,absent,absent,négatif,négatif
en_0091987,en,"Item not delivered

The order says that this item was delivered on Wednesday 19th of December, but is was not. I have not received the item that I ordered and this must be corrected immediately.",1,enriched,delivery,absent,absent,négatif,absent
en_0329348,en,"Came leaking, got oil all over my other item ...

Came leaking, got oil all over my other item. Almost 1/3 of it gone. It’s not a cheap item, so just not please with the condition I received it.",2,enriched,delivery,absent,neutre,négatif,absent
en_0570047,en,"Pump was broken

Pump was broken when I received it.",3,enriched,delivery,négatif,absent,neutre,absent
en_0825976,en,"Not worth it. Didn't worked for me.

Didn't worked. Just using the USB cable. Charger is bad.",1,enriched,price,négatif,négatif,absent,absent
en_0412303,en,"Convenient but strange flavor

I was hoping for something that would be easy to take to work and heat up on the go, but this just didn't really cut it. The flavor is very strange and somewhat rancid. I almost threw it away after the first couple of bites. The only thing positive I can say about it is that it is very convenient and easy to get heated up, but besides that, I don't think it is worth it at all.",2,enriched,price,neutre,neutre,absent,absent
fr_0016322,fr,"Lunettes de soleil vintage

Livrer rapidement et belle paire de lunette femme vintage conforme a la photo Merçi.vendeur serieux je recommande Superbe transaction et choix des couleurs.",4,enriched,service,positif,absent,positif,positif
fr_0140384,fr,"Utile

Reçu en parfaite état et utilisation parfaite, aucun problème constaté. Je conseil l'achat de cette article. Vous pouvez l'acheter les yeux fermés.",5,enriched,delivery,positif,absent,neutre,absent
en_0276422,en,"Ok movie

The story was pretty weak but the action was good.",2,natural,none,négatif,absent,absent,absent
fr_0382553,fr,"Très résistant aux couleurs très tendances

Je suis ravie et surtout rassurée maintenant plus de deux mois d'utilisation plusieurs fois tombée et la tablette n'a rien À savoir que j'ai également installer un film en verre trempé car on achète pas tous les jours un achat de tablette La poignée est très pratique pour le transport et de s'en servir comme position tv Pour le prix lancez vous",4,enriched,price,positif,neutre,absent,absent
fr_0661253,fr,"Appareil reçu incomplet.

A L'ATTENTION Du SAV Le descriptif mentionne deux accessoires :un pour faire chauffer le lait, un autre pour le faire mousser. Je n'en ai reçu qu'un (spirale). Merci d'en faire part au vendeur ou fabricant.",3,enriched,service,absent,absent,négatif,neutre
en_0034775,en,"Lumberjack in your pocket

Had to cut down a tree in my back yard and this did a fantastic job of it and turned the tree into nicely flush cut pieces I’m going to dry out and use as firewood. Keep in mind this wood was not dry and was very much green or still fresh and it even let me cut pieces up to 4 inches in diameter. I recommend this product especially for the price. We shall see if it lasts however.",4,enriched,price,absent,positif,absent,absent
fr_0001355,fr,"Pas de controle

Pile arrivée totalement déchargée ! Après montage, il a fallu démonter avec perte de temps. Testée au voltmètre = 0 V",1,enriched,delivery,absent,absent,absent,absent
en_0856221,en,"Text the seller to make sure you get the item you want and that you are paying for!

I purchased a keyed switch for my later model craftsman garden tractor. The switch worked and replaced the switch that was in my tractor. It arrived quickly. Unfortunately the item I received was different from the photograph.I paid a bit more to get the switch with white painted status symbols on the switch. I’d make sure if you purchase you check out with them what you will actually be receiving.",3,enriched,service,neutre,absent,positif,neutre
fr_0634090,fr,"Ne correspond pas

Ne correspond en rien à la description du produit qui est faite. La moustiquaire est plus petite, il n'y a pas de sac de transport comme indiqué, et de toute façon il serait impossible de la transporter vu qu'il est compliqué de la replier sans l'abimer une fois déballé. Les trou ont ont l'air trop gros pour empêcher le passage des moustiques.",3,enriched,delivery,neutre,absent,absent,absent
